P.H. EST PARMI NOUSb; 6ec7ece83154;-53
uhab; 3890a5600b40;-65
eduroamb; 3890a5600b41;-65
telephoneb; 3890a5600b42;-65
eduroamb; 3890a5298a01;-89
telephoneb; 3890a5298a02;-89
uhab; 3890a5298a00;-90
uhab; 3890a54ca360;-91
eduroamb; 3890a54ca361;-91
telephoneb; 3890a54ca362;-92
P.H. EST PARMI NOUSb; 6ec7ece83154;-51
uhab; 3890a5600b40;-64
eduroamb; 3890a5600b41;-65
telephoneb; 3890a5600b42;-65
eduroamb; 3890a5298a01;-89
telephoneb; 3890a5298a02;-90
uhab; 3890a5298a00;-91
uhab; 3890a54ca360;-91
eduroamb; 3890a54ca361;-91
telephoneb; 3890a54ca362;-91
P.H. EST PARMI NOUSb; 6ec7ece83154;-52
uhab; 3890a5600b40;-64
eduroamb; 3890a5600b41;-64
telephoneb; 3890a5600b42;-64
eduroamb; 3890a5298a01;-89
telephoneb; 3890a5298a02;-89
eduroamb; 3890a54ca361;-90
uhab; 3890a5298a00;-91
telephoneb; 3890a54ca362;-91
uhab; 3890a54ca360;-92
P.H. EST PARMI NOUSb; 6ec7ece83154;-53
uhab; 3890a5600b40;-64
eduroamb; 3890a5600b41;-64
telephoneb; 3890a5600b42;-64
eduroamb; 3890a5298a01;-88
uhab; 3890a5298a00;-89
telephoneb; 3890a5298a02;-90
uhab; 3890a54ca360;-91
eduroamb; 3890a54ca361;-91
telephoneb; 3890a54ca362;-91
P.H. EST PARMI NOUSb; 6ec7ece83154;-54
uhab; 3890a5600b40;-64
eduroamb; 3890a5600b41;-64
telephoneb; 3890a5600b42;-64
telephoneb; 3890a5298a02;-88
eduroamb; 3890a5298a01;-89
eduroamb; 3890a54ca361;-90
telephoneb; 3890a54ca362;-91
uhab; 3890a5298a00;-91
uhab; 3890a54ca360;-92
uhab; 3890a5298a00;-89
eduroamb; 3890a5298a01;-90
telephoneb; 3890a5298a02;-90
telephoneb; 3890a54ca362;-91
eduroamb; 3890a54ca361;-92
uhab; 3890a54ca360;-93
uhab; 3890a5298a00;-89
uhab; 3890a54ca360;-91
eduroamb; 3890a5298a01;-91
telephoneb; 3890a54ca362;-92
telephoneb; 3890a5298a02;-93
eduroamb; 3890a54ca361;-93
eduroamb; 3890a5298a01;-88
uhab; 3890a5298a00;-90
telephoneb; 3890a5298a02;-90
eduroamb; 3890a54ca361;-90
telephoneb; 3890a54ca362;-91
uhab; 3890a54ca360;-92
telephoneb; 3890a5298a02;-88
eduroamb; 3890a54ca361;-89
telephoneb; 3890a54ca362;-89
uhab; 3890a5298a00;-89
uhab; 3890a54ca360;-91
eduroamb; 3890a5298a01;-91
uhab; 3890a5298a00;-88
telephoneb; 3890a5298a02;-88
eduroamb; 3890a5298a01;-92
eduroamb; 3890a54ca361;-92
telephoneb; 3890a54ca362;-93
uhab; 3890a54ca360;-93
uhab; 3890a5298a00;-90
eduroamb; 3890a5298a01;-90
uhab; 3890a54ca360;-91
eduroamb; 3890a54ca361;-91
telephoneb; 3890a54ca362;-91
telephoneb; 3890a5298a02;-92
uhab; 3890a5298a00;-88
telephoneb; 3890a5298a02;-89
eduroamb; 3890a54ca361;-90
eduroamb; 3890a5298a01;-90
uhab; 3890a54ca360;-91
telephoneb; 3890a54ca362;-91
uhab; 3890a5298a00;-89
telephoneb; 3890a5298a02;-89
eduroamb; 3890a5298a01;-90
eduroamb; 3890a54ca361;-90
uhab; 3890a54ca360;-91
telephoneb; 3890a54ca362;-91
eduroamb; 3890a5298a01;-88
uhab; 3890a5298a00;-89
telephoneb; 3890a5298a02;-89
telephoneb; 3890a54ca362;-90
uhab; 3890a54ca360;-91
eduroamb; 3890a54ca361;-91
P.H. EST PARMI NOUSb; 6ec7ece83154;-48
eduroamb; 3890a5600b41;-54
telephoneb; 3890a5600b42;-54
uhab; 3890a5600b40;-54
uhab; 3890a5298a00;-84
uhab; 3890a54ca360;-86
eduroamb; 3890a54ca361;-86
telephoneb; 3890a54ca362;-87
uhab; 3890a5573840;-92
eduroamb; 3890a5573841;-93
telephoneb; 3890a5573842;-93
eduroamb; 3890a5298a01;-84
uhab; 3890a5298a00;-84
telephoneb; 3890a5298a02;-85
uhab; 3890a54ca360;-86
eduroamb; 3890a54ca361;-86
telephoneb; 3890a54ca362;-86
telephoneb; 3890a5298a02;-84
uhab; 3890a5298a00;-84
eduroamb; 3890a5298a01;-84
telephoneb; 3890a54ca362;-87
eduroamb; 3890a54ca361;-88
uhab; 3890a54ca360;-88
telephoneb; 3890a5298a02;-83
eduroamb; 3890a5298a01;-84
uhab; 3890a5298a00;-85
eduroamb; 3890a54ca361;-87
telephoneb; 3890a54ca362;-87
uhab; 3890a54ca360;-88
telephoneb; 3890a5298a02;-79
eduroamb; 3890a5298a01;-84
uhab; 3890a5298a00;-85
eduroamb; 3890a54ca361;-87
uhab; 3890a54ca360;-88
telephoneb; 3890a54ca362;-88
eduroamb; 3890a5298a01;-84
telephoneb; 3890a5298a02;-84
uhab; 3890a5298a00;-85
eduroamb; 3890a54ca361;-87
telephoneb; 3890a54ca362;-88
uhab; 3890a54ca360;-89
telephoneb; 3890a5298a02;-83
uhab; 3890a5298a00;-84
eduroamb; 3890a5298a01;-84
eduroamb; 3890a54ca361;-86
telephoneb; 3890a54ca362;-87
uhab; 3890a54ca360;-88
uhab; 3890a5298a00;-84
eduroamb; 3890a5298a01;-84
telephoneb; 3890a5298a02;-84
eduroamb; 3890a54ca361;-86
telephoneb; 3890a54ca362;-86
uhab; 3890a54ca360;-87
uhab; 3890a5298a00;-85
eduroamb; 3890a5298a01;-85
telephoneb; 3890a5298a02;-85
eduroamb; 3890a54ca361;-86
telephoneb; 3890a54ca362;-88
uhab; 3890a54ca360;-90
uhab; 3890a5298a00;-82
telephoneb; 3890a5298a02;-85
telephoneb; 3890a54ca362;-86
eduroamb; 3890a5298a01;-87
uhab; 3890a54ca360;-88
eduroamb; 3890a54ca361;-88
uhab; 3890a5298a00;-85
eduroamb; 3890a5298a01;-85
telephoneb; 3890a5298a02;-85
eduroamb; 3890a54ca361;-86
telephoneb; 3890a54ca362;-86
uhab; 3890a54ca360;-87
uhab; 3890a5298a00;-84
eduroamb; 3890a5298a01;-84
telephoneb; 3890a5298a02;-84
eduroamb; 3890a54ca361;-88
uhab; 3890a54ca360;-89
telephoneb; 3890a54ca362;-89
eduroamb; 3890a5298a01;-87
eduroamb; 3890a54ca361;-87
telephoneb; 3890a54ca362;-87
uhab; 3890a54ca360;-88
eduroamb; 3890a5298a01;-84
telephoneb; 3890a5298a02;-84
uhab; 3890a5298a00;-88
telephoneb; 3890a54ca362;-88
uhab; 3890a54ca360;-89
eduroamb; 3890a54ca361;-89
telephoneb; 3890a5298a02;-84
uhab; 3890a5298a00;-84
uhab; 3890a54ca360;-88
eduroamb; 3890a54ca361;-88
telephoneb; 3890a54ca362;-88
eduroamb; 3890a5298a01;-88
telephoneb; 3890a5298a02;-81
uhab; 3890a5298a00;-84
uhab; 3890a54ca360;-85
eduroamb; 3890a54ca361;-86
telephoneb; 3890a54ca362;-86
eduroamb; 3890a5298a01;-84
telephoneb; 3890a5298a02;-85
uhab; 3890a5298a00;-86
uhab; 3890a54ca360;-87
telephoneb; 3890a54ca362;-87
eduroamb; 3890a54ca361;-88
eduroamb; 3890a5600b41;-52
uhab; 3890a5600b40;-53
telephoneb; 3890a5600b42;-53
P.H. EST PARMI NOUSb; 6ec7ece83154;-57
telephoneb; 3890a54ca362;-82
eduroamb; 3890a54ca361;-82
uhab; 3890a54ca360;-83
eduroamb; 3890a5499de1;-90
eduroamb; 3890a5298a01;-91
telephoneb; 3890a5298a02;-91
uhab; 3890a5298a00;-92
uhab; 3890a5499de0;-92
telephoneb; 3890a5499de2;-93
eduroamb; 3890a5600b41;-53
telephoneb; 3890a5600b42;-53
uhab; 3890a5600b40;-54
P.H. EST PARMI NOUSb; 6ec7ece83154;-55
uhab; 3890a54ca360;-82
eduroamb; 3890a54ca361;-83
telephoneb; 3890a54ca362;-83
uhab; 3890a5298a00;-92
uhab; 3890a5499de0;-92
eduroamb; 3890a5499de1;-94
uhab; 3890a5600b40;-53
eduroamb; 3890a5600b41;-53
telephoneb; 3890a5600b42;-54
P.H. EST PARMI NOUSb; 6ec7ece83154;-63
telephoneb; 3890a54ca362;-82
uhab; 3890a54ca360;-83
eduroamb; 3890a54ca361;-83
telephoneb; 3890a5298a02;-89
uhab; 3890a5298a00;-90
uhab; 3890a5499de0;-91
eduroamb; 3890a5298a01;-92
telephoneb; 3890a5499de2;-92
eduroamb; 3890a5499de1;-92
uhab; 3890a5600b40;-53
eduroamb; 3890a5600b41;-54
telephoneb; 3890a5600b42;-54
P.H. EST PARMI NOUSb; 6ec7ece83154;-55
uhab; 3890a54ca360;-82
eduroamb; 3890a54ca361;-82
telephoneb; 3890a54ca362;-82
eduroamb; 3890a5298a01;-88
uhab; 3890a5298a00;-89
telephoneb; 3890a5298a02;-90
uhab; 3890a5499de0;-93
eduroamb; 3890a5499de1;-93
telephoneb; 3890a5499de2;-93
uhab; 3890a5600b40;-53
eduroamb; 3890a5600b41;-53
telephoneb; 3890a5600b42;-53
P.H. EST PARMI NOUSb; 6ec7ece83154;-55
telephoneb; 3890a54ca362;-82
eduroamb; 3890a54ca361;-82
uhab; 3890a54ca360;-83
eduroamb; 3890a5298a01;-91
uhab; 3890a5298a00;-92
telephoneb; 3890a5298a02;-93
telephoneb; 3890a5600b42;-52
uhab; 3890a5600b40;-53
eduroamb; 3890a5600b41;-53
P.H. EST PARMI NOUSb; 6ec7ece83154;-55
telephoneb; 3890a54ca362;-82
uhab; 3890a54ca360;-84
eduroamb; 3890a5298a01;-92
telephoneb; 3890a5298a02;-92
uhab; 3890a5499de0;-92
P.H. EST PARMI NOUSb; 6ec7ece83154;-53
uhab; 3890a5600b40;-53
eduroamb; 3890a5600b41;-53
telephoneb; 3890a5600b42;-53
uhab; 3890a54ca360;-83
eduroamb; 3890a54ca361;-83
telephoneb; 3890a54ca362;-83
uhab; 3890a5298a00;-92
eduroamb; 3890a5298a01;-92
telephoneb; 3890a5298a02;-92
eduroamb; 3890a5499de1;-93
uhab; 3890a5499de0;-94
telephoneb; 3890a5499de2;-94
uhab; 3890a54ca360;-85
telephoneb; 3890a54ca362;-85
eduroamb; 3890a54ca361;-86
telephoneb; 3890a54ca362;-84
uhab; 3890a54ca360;-84
eduroamb; 3890a54ca361;-89
eduroamb; 3890a5298a01;-91
telephoneb; 3890a5298a02;-92
uhab; 3890a5298a00;-93
eduroamb; 3890a54ca361;-83
telephoneb; 3890a54ca362;-83
uhab; 3890a54ca360;-84
uhab; 3890a54ca360;-81
eduroamb; 3890a54ca361;-84
telephoneb; 3890a54ca362;-85
telephoneb; 3890a5298a02;-92
uhab; 3890a5298a00;-93
eduroamb; 3890a5298a01;-94
uhab; 3890a54ca360;-83
eduroamb; 3890a54ca361;-83
telephoneb; 3890a54ca362;-84
uhab; 3890a5298a00;-91
telephoneb; 3890a5298a02;-91
P.H. EST PARMI NOUSb; 6ec7ece83154;-48
uhab; 3890a5600b40;-52
eduroamb; 3890a5600b41;-52
telephoneb; 3890a5600b42;-53
uhab; 3890a54ca360;-86
eduroamb; 3890a54ca361;-87
telephoneb; 3890a54ca362;-87
uhab; 3890a5499de0;-92
eduroamb; 3890a5499de1;-93
telephoneb; 3890a5499de2;-93
uhab; 3890a5298a00;-94
telephoneb; 3890a5298a02;-94
eduroamb; 3890a5298a01;-95
P.H. EST PARMI NOUSb; 6ec7ece83154;-43
uhab; 3890a5600b40;-51
eduroamb; 3890a5600b41;-52
telephoneb; 3890a5600b42;-53
uhab; 3890a54ca360;-86
eduroamb; 3890a54ca361;-86
telephoneb; 3890a54ca362;-86
eduroamb; 3890a5298a01;-90
uhab; 3890a5499de0;-90
uhab; 3890a5298a00;-91
telephoneb; 3890a5298a02;-91
telephoneb; 3890a5499de2;-93
P.H. EST PARMI NOUSb; 6ec7ece83154;-47
eduroamb; 3890a5600b41;-51
uhab; 3890a5600b40;-52
telephoneb; 3890a5600b42;-53
uhab; 3890a54ca360;-86
eduroamb; 3890a54ca361;-86
telephoneb; 3890a54ca362;-86
uhab; 3890a5499de0;-90
telephoneb; 3890a5298a02;-91
eduroamb; 3890a5499de1;-91
telephoneb; 3890a5499de2;-91
uhab; 3890a5298a00;-92
P.H. EST PARMI NOUSb; 6ec7ece83154;-48
uhab; 3890a5600b40;-53
eduroamb; 3890a5600b41;-53
telephoneb; 3890a5600b42;-53
eduroamb; 3890a54ca361;-86
telephoneb; 3890a54ca362;-86
uhab; 3890a54ca360;-87
telephoneb; 3890a5298a02;-90
uhab; 3890a5298a00;-93
eduroamb; 3890a5298a01;-93
P.H. EST PARMI NOUSb; 6ec7ece83154;-48
uhab; 3890a5600b40;-52
telephoneb; 3890a5600b42;-52
eduroamb; 3890a5600b41;-53
telephoneb; 3890a54ca362;-85
uhab; 3890a54ca360;-86
eduroamb; 3890a54ca361;-86
uhab; 3890a5298a00;-91
eduroamb; 3890a5298a01;-92
telephoneb; 3890a5499de2;-92
telephoneb; 3890a5298a02;-93
P.H. EST PARMI NOUSb; 6ec7ece83154;-47
uhab; 3890a5600b40;-52
eduroamb; 3890a5600b41;-52
telephoneb; 3890a5600b42;-53
eduroamb; 3890a54ca361;-83
uhab; 3890a54ca360;-84
telephoneb; 3890a54ca362;-86
eduroamb; 3890a5499de1;-92
telephoneb; 3890a5499de2;-92
P.H. EST PARMI NOUSb; 6ec7ece83154;-49
uhab; 3890a5600b40;-52
eduroamb; 3890a5600b41;-52
telephoneb; 3890a5600b42;-53
eduroamb; 3890a54ca361;-85
uhab; 3890a54ca360;-86
telephoneb; 3890a54ca362;-87
uhab; 3890a5298a00;-92
P.H. EST PARMI NOUSb; 6ec7ece83154;-47
uhab; 3890a5600b40;-52
eduroamb; 3890a5600b41;-52
telephoneb; 3890a5600b42;-52
uhab; 3890a54ca360;-83
telephoneb; 3890a54ca362;-84
eduroamb; 3890a54ca361;-85
eduroamb; 3890a5499de1;-91
telephoneb; 3890a5499de2;-91
uhab; 3890a5298a00;-93
eduroamb; 3890a5298a01;-93
telephoneb; 3890a5298a02;-95
eduroamb; 3890a5600b41;-52
telephoneb; 3890a5600b42;-52
uhab; 3890a5600b40;-53
eduroamb; 3890a54ca361;-85
telephoneb; 3890a54ca362;-85
uhab; 3890a54ca360;-86
eduroamb; 3890a5499de1;-91
telephoneb; 3890a5499de2;-94
uhab; 3890a5298a00;-95
eduroamb; 3890a54ca361;-84
telephoneb; 3890a54ca362;-84
uhab; 3890a54ca360;-85
eduroamb; 3890a5298a01;-94
telephoneb; 3890a5298a02;-94
P.H. EST PARMI NOUSb; 6ec7ece83154;-53
uhab; 3890a5600b40;-59
telephoneb; 3890a5600b42;-59
eduroamb; 3890a5600b41;-60
uhab; 3890a54ca360;-85
telephoneb; 3890a54ca362;-85
eduroamb; 3890a54ca361;-86
uhab; 3890a5298a00;-86
telephoneb; 3890a5298a02;-86
eduroamb; 3890a5298a01;-87
eduroamb; 3890a5499de1;-87
uhab; 3890a5499de0;-88
uhab; 3890a5573840;-91
telephoneb; 3890a5573842;-93
eduroamb; 3890a5573841;-94
uhab; 3890a5600b40;-61
telephoneb; 3890a5600b42;-61
eduroamb; 3890a5600b41;-61
P.H. EST PARMI NOUSb; 6ec7ece83154;-64
telephoneb; 3890a54ca362;-82
eduroamb; 3890a54ca361;-85
telephoneb; 3890a5298a02;-85
uhab; 3890a54ca360;-87
eduroamb; 3890a5298a01;-87
uhab; 3890a5298a00;-88
uhab; 3890a5573840;-91
uhab; 3890a5600b40;-62
telephoneb; 3890a5600b42;-62
eduroamb; 3890a5600b41;-63
telephoneb; 3890a54ca362;-85
uhab; 3890a5298a00;-87
eduroamb; 3890a5298a01;-88
uhab; 3890a5499de0;-88
telephoneb; 3890a5298a02;-89
telephoneb; 3890a5499de2;-89
telephoneb; 3890a5573842;-91
uhab; 3890a5573840;-92
eduroamb; 3890a5573841;-96
telephoneb; 3890a5600b42;-64
uhab; 3890a5600b40;-64
eduroamb; 3890a5600b41;-64
P.H. EST PARMI NOUSb; 6ec7ece83154;-67
eduroamb; 3890a54ca361;-80
telephoneb; 3890a54ca362;-85
uhab; 3890a54ca360;-86
uhab; 3890a5298a00;-88
eduroamb; 3890a5298a01;-88
telephoneb; 3890a5298a02;-88
uhab; 3890a5573840;-91
eduroamb; 3890a5573841;-93
telephoneb; 3890a5573842;-94
uhab; 3890a5600b40;-63
eduroamb; 3890a5600b41;-63
telephoneb; 3890a5600b42;-63
P.H. EST PARMI NOUSb; 6ec7ece83154;-66
telephoneb; 3890a54ca362;-81
uhab; 3890a54ca360;-85
eduroamb; 3890a54ca361;-86
telephoneb; 3890a5298a02;-87
telephoneb; 3890a5499de2;-87
uhab; 3890a5298a00;-88
eduroamb; 3890a5298a01;-88
uhab; 3890a5499de0;-88
eduroamb; 3890a5499de1;-88
uhab; 3890a5573840;-91
eduroamb; 3890a5573841;-94
telephoneb; 3890a5573842;-94
uhab; 3890a5600b40;-63
eduroamb; 3890a5600b41;-64
telephoneb; 3890a5600b42;-64
P.H. EST PARMI NOUSb; 6ec7ece83154;-64
uhab; 3890a54ca360;-86
eduroamb; 3890a54ca361;-87
telephoneb; 3890a54ca362;-87
uhab; 3890a5298a00;-87
eduroamb; 3890a5298a01;-88
eduroamb; 3890a5499de1;-88
telephoneb; 3890a5499de2;-88
uhab; 3890a5499de0;-89
eduroamb; 3890a5573841;-92
telephoneb; 3890a5573842;-92
telephoneb; 3890a5600b42;-60
uhab; 3890a5600b40;-60
eduroamb; 3890a5600b41;-60
P.H. EST PARMI NOUSb; 6ec7ece83154;-63
eduroamb; 3890a54ca361;-86
uhab; 3890a54ca360;-87
telephoneb; 3890a54ca362;-87
telephoneb; 3890a5298a02;-88
telephoneb; 3890a5499de2;-88
eduroamb; 3890a5499de1;-88
uhab; 3890a5499de0;-90
eduroamb; 3890a5573841;-91
uhab; 3890a5573840;-92
telephoneb; 3890a5573842;-93
uhab; 3890a5600b40;-60
eduroamb; 3890a5600b41;-60
telephoneb; 3890a5600b42;-60
P.H. EST PARMI NOUSb; 6ec7ece83154;-63
uhab; 3890a54ca360;-86
eduroamb; 3890a54ca361;-86
telephoneb; 3890a54ca362;-87
telephoneb; 3890a5298a02;-87
uhab; 3890a5298a00;-88
uhab; 3890a5499de0;-88
eduroamb; 3890a5298a01;-89
eduroamb; 3890a5499de1;-89
telephoneb; 3890a5499de2;-89
telephoneb; 3890a5573842;-91
uhab; 3890a5573840;-92
eduroamb; 3890a5573841;-92
uhab; 3890a5600b40;-55
eduroamb; 3890a5600b41;-55
telephoneb; 3890a5600b42;-55
P.H. EST PARMI NOUSb; 6ec7ece83154;-62
uhab; 3890a5298a00;-87
uhab; 3890a5499de0;-87
telephoneb; 3890a5298a02;-88
eduroamb; 3890a5298a01;-89
telephoneb; 3890a5499de2;-89
eduroamb; 3890a5499de1;-89
uhab; 3890a54ca360;-91
eduroamb; 3890a5573841;-91
telephoneb; 3890a54ca362;-92
uhab; 3890a5573840;-92
eduroamb; 3890a54ca361;-93
telephoneb; 3890a5573842;-94
uhab; 3890a5600b40;-53
eduroamb; 3890a5600b41;-53
telephoneb; 3890a5600b42;-53
P.H. EST PARMI NOUSb; 6ec7ece83154;-57
uhab; 3890a5499de0;-85
uhab; 3890a5298a00;-86
eduroamb; 3890a5499de1;-88
telephoneb; 3890a5499de2;-88
uhab; 3890a54ca360;-92
eduroamb; 3890a5573841;-92
telephoneb; 3890a5573842;-92
uhab; 3890a5573840;-95
eduroamb; 3890a5600b41;-53
telephoneb; 3890a5600b42;-53
uhab; 3890a5600b40;-54
P.H. EST PARMI NOUSb; 6ec7ece83154;-73
telephoneb; 3890a5298a02;-86
telephoneb; 3890a5499de2;-86
uhab; 3890a5298a00;-87
eduroamb; 3890a5298a01;-87
uhab; 3890a5499de0;-87
eduroamb; 3890a5499de1;-88
eduroamb; 3890a54ca361;-90
uhab; 3890a54ca360;-91
telephoneb; 3890a54ca362;-92
eduroamb; 3890a5573841;-92
telephoneb; 3890a5573842;-92
uhab; 3890a5573840;-93
telephoneb; 3890a5600b42;-53
uhab; 3890a5600b40;-54
eduroamb; 3890a5600b41;-54
P.H. EST PARMI NOUSb; 6ec7ece83154;-55
telephoneb; 3890a5499de2;-86
uhab; 3890a5499de0;-86
eduroamb; 3890a5499de1;-86
uhab; 3890a5298a00;-89
eduroamb; 3890a5298a01;-89
eduroamb; 3890a54ca361;-90
telephoneb; 3890a5298a02;-91
uhab; 3890a54ca360;-93
telephoneb; 3890a5573842;-93
eduroamb; 3890a5573841;-93
uhab; 3890a5573840;-93
uhab; 3890a5600b40;-53
eduroamb; 3890a5600b41;-53
telephoneb; 3890a5600b42;-54
P.H. EST PARMI NOUSb; 6ec7ece83154;-61
telephoneb; 3890a5499de2;-87
uhab; 3890a5499de0;-88
eduroamb; 3890a5499de1;-90
uhab; 3890a5573840;-92
telephoneb; 3890a5573842;-92
eduroamb; 3890a5573841;-92
uhab; 3890a5600b40;-53
eduroamb; 3890a5600b41;-53
telephoneb; 3890a5600b42;-53
P.H. EST PARMI NOUSb; 6ec7ece83154;-61
uhab; 3890a5499de0;-86
eduroamb; 3890a5499de1;-87
telephoneb; 3890a5499de2;-87
telephoneb; 3890a54ca362;-89
uhab; 3890a5298a00;-90
eduroamb; 3890a5298a01;-90
uhab; 3890a54ca360;-91
eduroamb; 3890a54ca361;-91
telephoneb; 3890a5298a02;-91
telephoneb; 3890a5573842;-91
uhab; 3890a5573840;-92
eduroamb; 3890a5573841;-93
uhab; 3890a5600b40;-54
eduroamb; 3890a5600b41;-54
telephoneb; 3890a5600b42;-55
P.H. EST PARMI NOUSb; 6ec7ece83154;-67
telephoneb; 3890a5499de2;-86
uhab; 3890a5298a00;-87
uhab; 3890a5499de0;-87
eduroamb; 3890a5298a01;-88
eduroamb; 3890a5499de1;-88
telephoneb; 3890a5298a02;-89
uhab; 3890a54ca360;-92
telephoneb; 3890a54ca362;-92
telephoneb; 3890a5573842;-92
uhab; 3890a5573840;-93
eduroamb; 3890a54ca361;-94
eduroamb; 3890a5573841;-94
eduroamb; 3890a5600b41;-53
telephoneb; 3890a5600b42;-54
uhab; 3890a5600b40;-54
P.H. EST PARMI NOUSb; 6ec7ece83154;-72
telephoneb; 3890a54ca362;-83
eduroamb; 3890a54ca361;-85
uhab; 3890a54ca360;-86
uhab; 3890a5573840;-87
eduroamb; 3890a5573841;-87
telephoneb; 3890a5573842;-87
telephoneb; 3890a5298a02;-90
uhab; 3890a5298a00;-91
eduroamb; 3890a5298a01;-92
uhab; 3890a5499de0;-94
eduroamb; 3890a5499de1;-95
uhab; 3890a5600b40;-53
eduroamb; 3890a5600b41;-53
telephoneb; 3890a5600b42;-53
P.H. EST PARMI NOUSb; 6ec7ece83154;-66
uhab; 3890a5298a00;-84
eduroamb; 3890a5298a01;-84
telephoneb; 3890a5298a02;-84
eduroamb; 3890a54ca361;-85
telephoneb; 3890a54ca362;-86
uhab; 3890a54ca360;-87
telephoneb; 3890a5573842;-89
eduroamb; 3890a5573841;-89
uhab; 3890a5573840;-89
eduroamb; 3890a5499de1;-93
uhab; 3890a5499de0;-94
telephoneb; 3890a5600b42;-52
uhab; 3890a5600b40;-53
eduroamb; 3890a5600b41;-53
P.H. EST PARMI NOUSb; 6ec7ece83154;-68
uhab; 3890a5298a00;-83
telephoneb; 3890a5298a02;-83
uhab; 3890a54ca360;-84
eduroamb; 3890a5298a01;-84
eduroamb; 3890a54ca361;-85
telephoneb; 3890a54ca362;-86
eduroamb; 3890a5573841;-87
uhab; 3890a5573840;-88
telephoneb; 3890a5573842;-90
uhab; 3890a5499de0;-91
telephoneb; 3890a5600b42;-52
uhab; 3890a5600b40;-53
eduroamb; 3890a5600b41;-53
P.H. EST PARMI NOUSb; 6ec7ece83154;-67
uhab; 3890a5298a00;-84
uhab; 3890a54ca360;-85
uhab; 3890a5573840;-87
telephoneb; 3890a5573842;-88
eduroamb; 3890a5573841;-89
uhab; 3890a5499de0;-93
telephoneb; 3890a5499de2;-93
eduroamb; 3890a5499de1;-95
uhab; 3890a54ca360;-84
eduroamb; 3890a54ca361;-84
telephoneb; 3890a54ca362;-85
telephoneb; 3890a5298a02;-82
uhab; 3890a5298a00;-83
eduroamb; 3890a54ca361;-84
uhab; 3890a54ca360;-85
telephoneb; 3890a54ca362;-85
eduroamb; 3890a5298a01;-85
eduroamb; 3890a5298a01;-83
uhab; 3890a54ca360;-84
uhab; 3890a5298a00;-84
telephoneb; 3890a54ca362;-84
eduroamb; 3890a54ca361;-85
telephoneb; 3890a5298a02;-85
uhab; 3890a5298a00;-84
eduroamb; 3890a5298a01;-84
telephoneb; 3890a5298a02;-84
telephoneb; 3890a54ca362;-85
eduroamb; 3890a54ca361;-83
uhab; 3890a54ca360;-84
telephoneb; 3890a54ca362;-84
eduroamb; 3890a5298a01;-84
uhab; 3890a5298a00;-85
telephoneb; 3890a5298a02;-85
eduroamb; 3890a54ca361;-82
uhab; 3890a5298a00;-83
uhab; 3890a54ca360;-84
eduroamb; 3890a5298a01;-84
telephoneb; 3890a5298a02;-84
telephoneb; 3890a54ca362;-85
uhab; 3890a5298a00;-81
uhab; 3890a54ca360;-84
telephoneb; 3890a5298a02;-84
telephoneb; 3890a54ca362;-84
eduroamb; 3890a54ca361;-85
eduroamb; 3890a5298a01;-85
uhab; 3890a5298a00;-83
telephoneb; 3890a54ca362;-83
uhab; 3890a54ca360;-84
eduroamb; 3890a5298a01;-84
eduroamb; 3890a54ca361;-84
telephoneb; 3890a5298a02;-84
eduroamb; 3890a54ca361;-84
telephoneb; 3890a5298a02;-84
uhab; 3890a54ca360;-85
telephoneb; 3890a54ca362;-85
uhab; 3890a5298a00;-85
eduroamb; 3890a5298a01;-85
uhab; 3890a5600b40;-47
P.H. EST PARMI NOUSb; 6ec7ece83154;-55
uhab; 3890a54ca360;-81
eduroamb; 3890a54ca361;-82
telephoneb; 3890a54ca362;-82
eduroamb; 3890a5298a01;-86
uhab; 3890a5298a00;-87
telephoneb; 3890a5298a02;-87
uhab; 3890a5573840;-91
P.H. EST PARMI NOUSb; 6ec7ece83154;-52
uhab; 3890a5600b40;-54
telephoneb; 3890a54ca362;-81
uhab; 3890a54ca360;-82
eduroamb; 3890a54ca361;-82
uhab; 3890a5298a00;-85
eduroamb; 3890a5298a01;-85
telephoneb; 3890a5298a02;-85
eduroamb; 3890a5573841;-90
telephoneb; 3890a5573842;-92
uhab; 3890a5573840;-93
eduroamb; 3890a5600b41;-49
telephoneb; 3890a5600b42;-52
uhab; 3890a5600b40;-53
P.H. EST PARMI NOUSb; 6ec7ece83154;-53
uhab; 3890a54ca360;-82
eduroamb; 3890a54ca361;-82
telephoneb; 3890a54ca362;-82
eduroamb; 3890a5298a01;-82
uhab; 3890a5298a00;-88
telephoneb; 3890a5298a02;-88
uhab; 3890a5573840;-92
eduroamb; 3890a5573841;-92
telephoneb; 3890a5573842;-93
uhab; 3890a5600b40;-52
telephoneb; 3890a5600b42;-52
eduroamb; 3890a5600b41;-53
P.H. EST PARMI NOUSb; 6ec7ece83154;-57
uhab; 3890a54ca360;-83
telephoneb; 3890a54ca362;-83
eduroamb; 3890a5298a01;-83
telephoneb; 3890a5298a02;-83
eduroamb; 3890a54ca361;-84
uhab; 3890a5298a00;-84
uhab; 3890a5573840;-92
telephoneb; 3890a5573842;-92
eduroamb; 3890a5573841;-93
eduroamb; 3890a54cc221;-94
eduroamb; 3890a5600b41;-52
uhab; 3890a5600b40;-52
telephoneb; 3890a5600b42;-52
P.H. EST PARMI NOUSb; 6ec7ece83154;-60
uhab; 3890a54ca360;-83
eduroamb; 3890a54ca361;-83
telephoneb; 3890a54ca362;-84
uhab; 3890a54cc220;-92
uhab; 3890a5573840;-92
telephoneb; 3890a5573842;-92
eduroamb; 3890a5573841;-93
telephoneb; 3890a54cc222;-94
eduroamb; 3890a54cc221;-95
uhab; 3890a5600b40;-51
eduroamb; 3890a5600b41;-51
telephoneb; 3890a5600b42;-51
P.H. EST PARMI NOUSb; 6ec7ece83154;-55
uhab; 3890a5298a00;-81
telephoneb; 3890a54ca362;-83
eduroamb; 3890a54ca361;-83
uhab; 3890a54ca360;-84
eduroamb; 3890a5298a01;-84
uhab; 3890a5573840;-92
eduroamb; 3890a5573841;-92
telephoneb; 3890a5573842;-93
eduroamb; 3890a5600b41;-49
uhab; 3890a5600b40;-50
telephoneb; 3890a5600b42;-50
P.H. EST PARMI NOUSb; 6ec7ece83154;-56
uhab; 3890a54ca360;-83
eduroamb; 3890a54ca361;-83
telephoneb; 3890a54ca362;-83
uhab; 3890a5298a00;-84
eduroamb; 3890a5298a01;-84
telephoneb; 3890a5298a02;-86
eduroamb; 3890a5573841;-91
telephoneb; 3890a5573842;-91
eduroamb; 3890a54cc221;-93
uhab; 3890a5573840;-93
uhab; 3890a54cc220;-94
telephoneb; 3890a54cc222;-95
uhab; 3890a5600b40;-51
eduroamb; 3890a5600b41;-51
P.H. EST PARMI NOUSb; 6ec7ece83154;-55
eduroamb; 3890a54ca361;-84
telephoneb; 3890a54ca362;-84
uhab; 3890a54ca360;-85
uhab; 3890a5298a00;-85
telephoneb; 3890a5573842;-92
eduroamb; 3890a5573841;-93
uhab; 3890a5573840;-94
P.H. EST PARMI NOUSb; 6ec7ece83154;-51
uhab; 3890a5600b40;-52
eduroamb; 3890a5600b41;-53
telephoneb; 3890a5600b42;-53
uhab; 3890a5298a00;-83
eduroamb; 3890a5298a01;-83
telephoneb; 3890a5298a02;-83
uhab; 3890a54ca360;-84
eduroamb; 3890a54ca361;-84
telephoneb; 3890a54ca362;-84
uhab; 3890a5573840;-91
eduroamb; 3890a5573841;-93
telephoneb; 3890a5573842;-93
uhab; 3890a54cc220;-94
P.H. EST PARMI NOUSb; 6ec7ece83154;-43
eduroamb; 3890a5600b41;-65
telephoneb; 3890a5600b42;-65
uhab; 3890a5600b40;-66
eduroamb; 3890a54ca361;-74
telephoneb; 3890a54ca362;-79
uhab; 3890a54ca360;-80
eduroamb; 3890a5573841;-81
telephoneb; 3890a5573842;-81
uhab; 3890a5573840;-82
telephoneb; 3890a5298a02;-86
eduroamb; 3890a5298a01;-87
uhab; 3890a5298a00;-88
eduroamb; 3890a54cc221;-92
telephoneb; 3890a54cc222;-92
uhab; 3890a54cc220;-94
P.H. EST PARMI NOUSb; 6ec7ece83154;-44
uhab; 3890a5600b40;-67
eduroamb; 3890a5600b41;-67
telephoneb; 3890a5600b42;-67
eduroamb; 3890a54ca361;-79
telephoneb; 3890a54ca362;-79
uhab; 3890a54ca360;-80
uhab; 3890a5573840;-84
telephoneb; 3890a5573842;-84
eduroamb; 3890a5573841;-85
telephoneb; 3890a5298a02;-86
uhab; 3890a5298a00;-88
eduroamb; 3890a5298a01;-88
uhab; 3890a54cc220;-93
eduroamb; 3890a54cc221;-94
telephoneb; 3890a54cc222;-94
P.H. EST PARMI NOUSb; 6ec7ece83154;-44
eduroamb; 3890a5600b41;-66
telephoneb; 3890a5600b42;-67
uhab; 3890a5600b40;-67
uhab; 3890a54ca360;-77
eduroamb; 3890a54ca361;-77
telephoneb; 3890a54ca362;-77
telephoneb; 3890a5573842;-84
uhab; 3890a5573840;-85
eduroamb; 3890a5573841;-85
uhab; 3890a5298a00;-87
eduroamb; 3890a5298a01;-87
telephoneb; 3890a5298a02;-87
eduroamb; 3890a54cc221;-92
telephoneb; 3890a54cc222;-92
uhab; 3890a54cc220;-94
P.H. EST PARMI NOUSb; 6ec7ece83154;-40
telephoneb; 3890a5600b42;-67
uhab; 3890a5600b40;-68
eduroamb; 3890a5600b41;-68
uhab; 3890a54ca360;-75
telephoneb; 3890a54ca362;-75
eduroamb; 3890a54ca361;-76
telephoneb; 3890a5573842;-84
uhab; 3890a5573840;-84
eduroamb; 3890a5573841;-84
uhab; 3890a5298a00;-87
eduroamb; 3890a5298a01;-88
telephoneb; 3890a5298a02;-88
eduroamb; 3890a54cc221;-92
telephoneb; 3890a54cc222;-92
uhab; 3890a54cc220;-94
P.H. EST PARMI NOUSb; 6ec7ece83154;-44
uhab; 3890a5600b40;-67
telephoneb; 3890a5600b42;-68
eduroamb; 3890a5600b41;-70
eduroamb; 3890a54ca361;-73
telephoneb; 3890a54ca362;-73
uhab; 3890a54ca360;-74
telephoneb; 3890a5573842;-85
uhab; 3890a5573840;-86
eduroamb; 3890a5573841;-86
eduroamb; 3890a5298a01;-88
uhab; 3890a5298a00;-89
telephoneb; 3890a5298a02;-89
P.H. EST PARMI NOUSb; 6ec7ece83154;-48
eduroamb; 3890a5600b41;-66
telephoneb; 3890a5600b42;-66
uhab; 3890a5600b40;-67
uhab; 3890a54ca360;-74
telephoneb; 3890a54ca362;-75
eduroamb; 3890a54ca361;-76
telephoneb; 3890a5573842;-84
uhab; 3890a5573840;-85
eduroamb; 3890a5573841;-85
eduroamb; 3890a5298a01;-88
telephoneb; 3890a5298a02;-88
uhab; 3890a5298a00;-89
P.H. EST PARMI NOUSb; 6ec7ece83154;-42
eduroamb; 3890a5600b41;-64
telephoneb; 3890a5600b42;-65
uhab; 3890a5600b40;-66
telephoneb; 3890a54ca362;-73
uhab; 3890a54ca360;-74
eduroamb; 3890a54ca361;-74
eduroamb; 3890a5573841;-81
uhab; 3890a5573840;-82
telephoneb; 3890a5573842;-82
uhab; 3890a5298a00;-87
eduroamb; 3890a5298a01;-87
telephoneb; 3890a5298a02;-88
uhab; 3890a54cc220;-93
telephoneb; 3890a54cc222;-93
eduroamb; 3890a54cc221;-95
P.H. EST PARMI NOUSb; 6ec7ece83154;-46
eduroamb; 3890a5600b41;-61
uhab; 3890a5600b40;-62
telephoneb; 3890a5600b42;-62
uhab; 3890a54ca360;-81
eduroamb; 3890a54ca361;-81
telephoneb; 3890a54ca362;-81
uhab; 3890a5573840;-86
telephoneb; 3890a54cc222;-87
uhab; 3890a54cc220;-88
telephoneb; 3890a5298a02;-88
eduroamb; 3890a54cc221;-89
eduroamb; 3890a5573841;-89
telephoneb; 3890a5573842;-89
uhab; 3890a5298a00;-91
eduroamb; 3890a5298a01;-92
eduroamb; 3890a54ca361;-79
uhab; 3890a54ca360;-80
telephoneb; 3890a54ca362;-80
uhab; 3890a5298a00;-89
eduroamb; 3890a5298a01;-90
uhab; 3890a54ca360;-78
eduroamb; 3890a54ca361;-78
telephoneb; 3890a54ca362;-78
telephoneb; 3890a54cc222;-85
eduroamb; 3890a54cc221;-86
uhab; 3890a54cc220;-87
uhab; 3890a5298a00;-88
eduroamb; 3890a5298a01;-91
uhab; 3890a54ca360;-80
eduroamb; 3890a54ca361;-80
telephoneb; 3890a54ca362;-87
uhab; 3890a5298a00;-88
telephoneb; 3890a54cc222;-88
eduroamb; 3890a5298a01;-89
telephoneb; 3890a5298a02;-89
uhab; 3890a54cc220;-90
eduroamb; 3890a54cc221;-90
uhab; 3890a54ca360;-80
eduroamb; 3890a54ca361;-80
telephoneb; 3890a54ca362;-81
uhab; 3890a54cc220;-88
eduroamb; 3890a54cc221;-88
telephoneb; 3890a54cc222;-88
uhab; 3890a5298a00;-89
eduroamb; 3890a5298a01;-89
telephoneb; 3890a5298a02;-91
uhab; 3890a54ca360;-80
eduroamb; 3890a54ca361;-80
telephoneb; 3890a54ca362;-81
eduroamb; 3890a5298a01;-87
uhab; 3890a54cc220;-88
eduroamb; 3890a54cc221;-89
telephoneb; 3890a54cc222;-89
uhab; 3890a5298a00;-92
telephoneb; 3890a5298a02;-92
eduroamb; 3890a54ca361;-79
uhab; 3890a54ca360;-80
telephoneb; 3890a54ca362;-80
eduroamb; 3890a54cc221;-88
telephoneb; 3890a54cc222;-88
telephoneb; 3890a5298a02;-88
uhab; 3890a54cc220;-89
eduroamb; 3890a5298a01;-89
uhab; 3890a5298a00;-90
eduroamb; 3890a54ca361;-78
uhab; 3890a54ca360;-80
telephoneb; 3890a54ca362;-81
eduroamb; 3890a54cc221;-89
uhab; 3890a54cc220;-90
telephoneb; 3890a54cc222;-90
uhab; 3890a54ca360;-81
telephoneb; 3890a54ca362;-82
eduroamb; 3890a54ca361;-82
telephoneb; 3890a54cc222;-89
uhab; 3890a5298a00;-90
uhab; 3890a54cc220;-91
eduroamb; 3890a54cc221;-91
telephoneb; 3890a5298a02;-91
telephoneb; 3890a54ca362;-79
uhab; 3890a54ca360;-80
eduroamb; 3890a54ca361;-80
eduroamb; 3890a54cc221;-88
uhab; 3890a5298a00;-88
uhab; 3890a54cc220;-89
telephoneb; 3890a54cc222;-89
telephoneb; 3890a5298a02;-89
eduroamb; 3890a5298a01;-90
uhab; 3890a54ca360;-79
eduroamb; 3890a54ca361;-79
telephoneb; 3890a54ca362;-80
uhab; 3890a5298a00;-88
eduroamb; 3890a5298a01;-89
telephoneb; 3890a5298a02;-90
eduroamb; 3890a54cc221;-90
uhab; 3890a54cc220;-91
telephoneb; 3890a54cc222;-92
eduroamb; 3890a54ca361;-78
uhab; 3890a54ca360;-79
telephoneb; 3890a54ca362;-80
uhab; 3890a54cc220;-90
eduroamb; 3890a5298a01;-90
eduroamb; 3890a54cc221;-91
uhab; 3890a5298a00;-91
telephoneb; 3890a54cc222;-92
telephoneb; 3890a5298a02;-92
P.H. EST PARMI NOUSb; 6ec7ece83154;-52
uhab; 3890a5600b40;-64
telephoneb; 3890a5600b42;-72
eduroamb; 3890a5600b41;-73
eduroamb; 3890a5298a01;-73
telephoneb; 3890a5298a02;-74
uhab; 3890a5573840;-75
eduroamb; 3890a5573841;-75
telephoneb; 3890a5573842;-75
uhab; 3890a5298a00;-75
eduroamb; 3890a54cc221;-84
telephoneb; 3890a54cc222;-85
uhab; 3890a54cc220;-85
uhab; 3890a54ca360;-89
telephoneb; 3890a54ca362;-89
eduroamb; 3890a54ca361;-90
eduroamb; 002a10f36241;-90
telephoneb; 002a10f36242;-92
uhab; 002a10f36240;-94
P.H. EST PARMI NOUSb; 6ec7ece83154;-63
eduroamb; 3890a5600b41;-70
eduroamb; 3890a5298a01;-71
telephoneb; 3890a5298a02;-71
uhab; 3890a5298a00;-72
telephoneb; 3890a5600b42;-72
uhab; 3890a5600b40;-73
uhab; 3890a5573840;-75
eduroamb; 3890a5573841;-75
telephoneb; 3890a5573842;-75
telephoneb; 3890a54ca362;-84
eduroamb; 3890a54cc221;-87
telephoneb; 3890a54cc222;-88
uhab; 3890a54ca360;-88
eduroamb; 3890a54ca361;-89
uhab; 3890a54cc220;-90
uhab; 3890a549a1e0;-92
telephoneb; 3890a5505382;-92
uhab; 002a10f36240;-92
uhab; 3890a5505380;-93
eduroamb; 3890a549a1e1;-93
telephoneb; 3890a549a1e2;-93
eduroamb; 3890a5505381;-94
uhab; 3890a5503e60;-98
P.H. EST PARMI NOUSb; 6ec7ece83154;-62
telephoneb; 3890a5600b42;-68
uhab; 3890a5600b40;-69
eduroamb; 3890a5298a01;-70
eduroamb; 3890a5600b41;-70
uhab; 3890a5298a00;-71
telephoneb; 3890a5298a02;-71
eduroamb; 3890a5573841;-82
uhab; 3890a5573840;-83
telephoneb; 3890a5573842;-83
uhab; 3890a54ca360;-86
eduroamb; 3890a54ca361;-86
telephoneb; 3890a54ca362;-88
uhab; 3890a54cc220;-91
eduroamb; 3890a54cc221;-91
eduroamb; 3890a5505381;-91
telephoneb; 3890a5503e62;-92
eduroamb; 3890a5503e61;-93
uhab; 3890a5505380;-93
telephoneb; 3890a5505382;-93
telephoneb; 3890a54cc222;-94
P.H. EST PARMI NOUSb; 6ec7ece83154;-57
eduroamb; 3890a5600b41;-65
uhab; 3890a5600b40;-66
telephoneb; 3890a5600b42;-66
telephoneb; 3890a5298a02;-72
eduroamb; 3890a5298a01;-73
uhab; 3890a5298a00;-74
uhab; 3890a5573840;-77
telephoneb; 3890a5573842;-78
eduroamb; 3890a5573841;-78
eduroamb; 3890a54ca361;-89
telephoneb; 3890a54cc222;-90
telephoneb; 3890a54ca362;-91
uhab; 3890a54cc220;-91
telephoneb; 3890a5503e62;-91
telephoneb; 3890a5505382;-92
eduroamb; 3890a54cc221;-92
uhab; 3890a54ca360;-93
uhab; 3890a5505380;-93
uhab; 3890a5503e60;-95
eduroamb; 3890a5503e61;-96
P.H. EST PARMI NOUSb; 6ec7ece83154;-54
uhab; 3890a5600b40;-67
telephoneb; 3890a5600b42;-67
eduroamb; 3890a5600b41;-68
uhab; 3890a5298a00;-74
eduroamb; 3890a5298a01;-74
telephoneb; 3890a5298a02;-74
uhab; 3890a5573840;-78
eduroamb; 3890a5573841;-78
telephoneb; 3890a5573842;-78
telephoneb; 3890a54ca362;-88
uhab; 3890a54cc220;-92
telephoneb; 3890a54cc222;-92
uhab; 3890a54ca360;-92
eduroamb; 3890a54cc221;-93
eduroamb; 3890a54ca361;-93
eduroamb; 3890a5503e61;-94
telephoneb; 3890a5503e62;-95
uhab; 3890a5503e60;-95
telephoneb; 3890a5600b42;-66
eduroamb; 3890a5600b41;-67
P.H. EST PARMI NOUSb; 6ec7ece83154;-67
uhab; 3890a5600b40;-76
telephoneb; 3890a5573842;-81
uhab; 3890a5298a00;-82
telephoneb; 3890a5298a02;-82
eduroamb; 3890a5298a01;-83
eduroamb; 3890a5573841;-83
uhab; 3890a5573840;-83
uhab; 3890a54ca360;-86
eduroamb; 3890a54cc221;-87
telephoneb; 3890a54cc222;-87
telephoneb; 3890a54ca362;-87
eduroamb; 3890a54ca361;-87
uhab; 3890a54cc220;-88
telephoneb; 3890a5503e62;-96
uhab; 3890a549a1e0;-97
eduroamb; 3890a549a1e1;-97
telephoneb; 3890a549a1e2;-98
uhab; 3890a54ca360;-80
telephoneb; 3890a5298a02;-80
uhab; 3890a5298a00;-81
eduroamb; 3890a5298a01;-82
eduroamb; 3890a54ca361;-84
telephoneb; 3890a54ca362;-84
uhab; 3890a54cc220;-85
eduroamb; 3890a54cc221;-85
telephoneb; 3890a54cc222;-86
eduroamb; 3890a5298a01;-80
telephoneb; 3890a5298a02;-80
uhab; 3890a5298a00;-81
uhab; 3890a54cc220;-88
eduroamb; 3890a54cc221;-88
telephoneb; 3890a54cc222;-89
uhab; 3890a54ca360;-89
eduroamb; 3890a54ca361;-89
telephoneb; 3890a54ca362;-89
eduroamb; 002a10f36241;-91
uhab; 3890a5298a00;-79
eduroamb; 3890a5298a01;-79
telephoneb; 3890a54ca362;-91
uhab; 3890a54cc220;-92
eduroamb; 3890a54cc221;-92
uhab; 3890a54ca360;-92
eduroamb; 3890a54ca361;-92
telephoneb; 3890a54cc222;-94
eduroamb; 3890a5298a01;-80
telephoneb; 3890a5298a02;-80
uhab; 3890a5298a00;-81
telephoneb; 3890a54ca362;-85
uhab; 3890a54ca360;-86
eduroamb; 3890a54ca361;-87
eduroamb; 78bc1a4cfb21;-91
eduroamb; 3890a54cc221;-92
telephoneb; 78bc1a4cfb22;-94
uhab; 78bc1a4cfb20;-94
eduroamb; 3890a5298a01;-75
telephoneb; 3890a5298a02;-75
uhab; 3890a5298a00;-76
uhab; 3890a54ca360;-86
eduroamb; 3890a54ca361;-86
telephoneb; 3890a54ca362;-87
uhab; 3890a5298a00;-75
telephoneb; 3890a5298a02;-75
telephoneb; 3890a54ca362;-88
eduroamb; 3890a54ca361;-89
uhab; 3890a5298a00;-76
telephoneb; 3890a5298a02;-77
eduroamb; 3890a54ca361;-88
telephoneb; 3890a54ca362;-88
uhab; 3890a54ca360;-89
telephoneb; 3890a5298a02;-74
eduroamb; 3890a5298a01;-75
uhab; 3890a5298a00;-84
uhab; 3890a54ca360;-85
eduroamb; 3890a54ca361;-85
telephoneb; 3890a54ca362;-85
uhab; 3890a54cc220;-91
telephoneb; 3890a54cc222;-91
eduroamb; 3890a54cc221;-93
uhab; 3890a5298a00;-76
telephoneb; 3890a5298a02;-76
eduroamb; 3890a5298a01;-77
uhab; 3890a54ca360;-85
telephoneb; 3890a54ca362;-85
eduroamb; 3890a54ca361;-86
uhab; 78bc1a4cfb20;-93
uhab; 3890a54cc220;-93
eduroamb; 3890a5298a01;-75
telephoneb; 3890a5298a02;-76
uhab; 3890a5298a00;-77
uhab; 3890a54ca360;-83
telephoneb; 3890a54ca362;-83
eduroamb; 3890a54ca361;-91
eduroamb; 3890a54cc221;-92
uhab; 3890a54cc220;-93
eduroamb; 78bc1a4cfb21;-94
uhab; 78bc1a4cfb20;-95
uhab; 3890a5298a00;-76
eduroamb; 3890a5298a01;-76
telephoneb; 3890a5298a02;-77
uhab; 3890a54ca360;-84
eduroamb; 3890a54ca361;-84
telephoneb; 3890a54ca362;-84
telephoneb; 3890a54cc222;-90
eduroamb; 3890a54cc221;-91
uhab; 3890a54cc220;-94
uhab; 78bc1a4cfb20;-94
uhab; 3890a5298a00;-65
eduroamb; 3890a5298a01;-65
telephoneb; 3890a5298a02;-65
uhab; 3890a5600b40;-74
P.H. EST PARMI NOUSb; 6ec7ece83154;-75
telephoneb; 3890a5600b42;-76
eduroamb; 3890a5600b41;-77
uhab; 3890a5573840;-80
eduroamb; 3890a5573841;-80
telephoneb; 3890a5573842;-81
uhab; 3890a54cc220;-85
eduroamb; 3890a54cc221;-86
telephoneb; 3890a54cc222;-87
telephoneb; 3890a549a1e2;-88
uhab; 3890a549a1e0;-90
eduroamb; 3890a549a1e1;-90
eduroamb; 3890a54ca361;-91
telephoneb; 3890a54ca362;-93
uhab; 78bc1a4cfb20;-93
telephoneb; 002a10f36242;-93
uhab; 3890a54ca360;-94
eduroamb; 002a10f36241;-94
uhab; 3890a5298a00;-66
eduroamb; 3890a5298a01;-66
telephoneb; 3890a5298a02;-66
P.H. EST PARMI NOUSb; 6ec7ece83154;-73
uhab; 3890a5600b40;-78
eduroamb; 3890a5573841;-80
telephoneb; 3890a5573842;-81
uhab; 3890a5573840;-82
eduroamb; 3890a54cc221;-86
uhab; 3890a54cc220;-87
telephoneb; 3890a54cc222;-87
telephoneb; 3890a549a1e2;-87
uhab; 3890a549a1e0;-92
eduroamb; 3890a549a1e1;-92
uhab; 3890a54ca360;-93
eduroamb; 3890a54ca361;-94
telephoneb; 3890a54ca362;-94
eduroamb; 78bc1a4cfb21;-94
uhab; 78bc1a4cfb20;-95
telephoneb; 78bc1a4cfb22;-96
telephoneb; 3890a5298a02;-67
uhab; 3890a5298a00;-68
eduroamb; 3890a5298a01;-68
P.H. EST PARMI NOUSb; 6ec7ece83154;-73
uhab; 3890a5573840;-77
telephoneb; 3890a5573842;-77
uhab; 3890a5600b40;-77
eduroamb; 3890a5573841;-78
eduroamb; 3890a5600b41;-78
telephoneb; 3890a5600b42;-78
eduroamb; 3890a54cc221;-87
uhab; 3890a54cc220;-88
telephoneb; 3890a54cc222;-89
eduroamb; 3890a549a1e1;-89
telephoneb; 3890a549a1e2;-90
uhab; 3890a549a1e0;-92
telephoneb; 3890a5503e62;-96
telephoneb; 3890a5298a02;-67
eduroamb; 3890a5298a01;-68
uhab; 3890a5298a00;-68
P.H. EST PARMI NOUSb; 6ec7ece83154;-76
eduroamb; 3890a5600b41;-77
uhab; 3890a5573840;-78
telephoneb; 3890a5573842;-78
telephoneb; 3890a5600b42;-78
eduroamb; 3890a5573841;-79
uhab; 3890a5600b40;-79
uhab; 3890a54cc220;-88
eduroamb; 3890a54cc221;-88
telephoneb; 3890a54cc222;-88
uhab; 3890a549a1e0;-91
telephoneb; 3890a549a1e2;-91
eduroamb; 3890a549a1e1;-92
uhab; 78bc1a4cfb20;-94
telephoneb; 3890a5503e62;-95
uhab; 3890a5503e60;-96
eduroamb; 3890a5503e61;-96
uhab; 3890a5298a00;-67
telephoneb; 3890a5298a02;-67
eduroamb; 3890a5298a01;-68
P.H. EST PARMI NOUSb; 6ec7ece83154;-75
uhab; 3890a5573840;-76
eduroamb; 3890a5573841;-76
telephoneb; 3890a5573842;-77
uhab; 3890a54cc220;-89
eduroamb; 3890a54cc221;-89
telephoneb; 3890a54cc222;-89
eduroamb; 3890a549a1e1;-93
uhab; 3890a54ca360;-94
eduroamb; 3890a54ca361;-94
telephoneb; 3890a549a1e2;-94
telephoneb; 3890a54ca362;-95
uhab; 3890a5503e60;-95
eduroamb; 3890a5503e61;-95
telephoneb; 3890a5503e62;-95
uhab; 3890a549a1e0;-95
uhab; 3890a5298a00;-67
telephoneb; 3890a5298a02;-67
eduroamb; 3890a5298a01;-68
P.H. EST PARMI NOUSb; 6ec7ece83154;-74
uhab; 3890a5573840;-77
eduroamb; 3890a5573841;-77
telephoneb; 3890a5573842;-77
uhab; 3890a54cc220;-87
eduroamb; 3890a54cc221;-88
telephoneb; 3890a54cc222;-89
uhab; 3890a549a1e0;-91
eduroamb; 3890a549a1e1;-91
telephoneb; 3890a549a1e2;-91
uhab; 3890a5503e60;-93
uhab; 3890a5600b40;-68
eduroamb; 3890a5600b41;-68
telephoneb; 3890a5600b42;-69
eduroamb; 3890a5298a01;-70
telephoneb; 3890a5298a02;-70
uhab; 3890a5298a00;-71
P.H. EST PARMI NOUSb; 6ec7ece83154;-72
uhab; 3890a5573840;-80
eduroamb; 3890a5573841;-80
telephoneb; 3890a5573842;-80
eduroamb; 3890a54cc221;-87
eduroamb; 3890a54ca361;-92
uhab; 3890a549a1e0;-92
uhab; 3890a54ca360;-93
telephoneb; 3890a54ca362;-93
telephoneb; 3890a5499de2;-93
uhab; 3890a5503e60;-93
eduroamb; 3890a5242281;-93
telephoneb; 3890a549a1e2;-93
uhab; 3890a5242280;-93
uhab; 3890a54cc220;-94
telephoneb; 3890a5242282;-94
eduroamb; 3890a549a1e1;-94
telephoneb; 3890a54cc222;-95
eduroamb; 3890a5503e61;-96
telephoneb; 3890a5503e62;-97
uhab; 3890a5298a00;-73
eduroamb; 3890a5298a01;-73
P.H. EST PARMI NOUSb; 6ec7ece83154;-73
telephoneb; 3890a5298a02;-74
uhab; 3890a5600b40;-76
uhab; 3890a5573840;-83
telephoneb; 3890a5573842;-83
eduroamb; 3890a5573841;-84
uhab; 78bc1a4cfb20;-87
eduroamb; 78bc1a4cfb21;-87
telephoneb; 78bc1a4cfb22;-87
eduroamb; 3890a54ca361;-87
uhab; 3890a54ca360;-88
telephoneb; 3890a54ca362;-88
uhab; 3890a549a1e0;-89
eduroamb; 3890a5503e61;-90
eduroamb; 3890a549a1e1;-91
uhab; 3890a5503e60;-91
telephoneb; 3890a5503e62;-91
uhab; 3890a54cc220;-92
telephoneb; 3890a54cc222;-92
telephoneb; 3890a549a1e2;-92
FreeWifi_secureb; 70fc8f9bf1f4;-94
eduroamb; 3890a54cc221;-96
uhab; 3890a5242280;-97
uhab; 3890a5298a00;-71
P.H. EST PARMI NOUSb; 6ec7ece83154;-73
uhab; 3890a5600b40;-75
telephoneb; 3890a5600b42;-75
uhab; 3890a5573840;-78
eduroamb; 3890a5573841;-78
telephoneb; 3890a5573842;-78
uhab; 3890a54cc220;-91
telephoneb; 3890a54cc222;-92
uhab; 78bc1a4cfb20;-92
FreeWifi_secureb; 70fc8f9bf1f4;-92
eduroamb; 3890a54cc221;-93
Freebox-9BF1F1b; 70fc8f9bf1f2;-94
uhab; 3890a5503e60;-96
eduroamb; 3890a549a1e1;-98
uhab; 3890a5298a00;-68
eduroamb; 3890a5298a01;-68
uhab; 3890a5600b40;-71
eduroamb; 3890a5600b41;-71
telephoneb; 3890a5600b42;-71
telephoneb; 3890a5298a02;-72
P.H. EST PARMI NOUSb; 6ec7ece83154;-72
eduroamb; 3890a5573841;-82
uhab; 3890a5573840;-83
telephoneb; 3890a5573842;-83
eduroamb; 3890a549a1e1;-90
uhab; 3890a54cc220;-92
eduroamb; 3890a54cc221;-92
telephoneb; 3890a54cc222;-92
eduroamb; 3890a54ca361;-92
telephoneb; 3890a54ca362;-92
uhab; 3890a549a1e0;-92
telephoneb; 3890a549a1e2;-92
eduroamb; 78bc1a4cfb21;-93
telephoneb; 78bc1a4cfb22;-93
uhab; 3890a5499de0;-94
eduroamb; 3890a5503e61;-94
uhab; 78bc1a4cfb20;-95
eduroamb; 3890a5499de1;-95
uhab; 3890a5503e60;-95
uhab; 3890a54ca360;-96
telephoneb; 3890a5499de2;-96
uhab; 3890a5600b40;-71
eduroamb; 3890a5600b41;-71
telephoneb; 3890a5600b42;-72
P.H. EST PARMI NOUSb; 6ec7ece83154;-75
uhab; 3890a5298a00;-78
eduroamb; 3890a5298a01;-78
telephoneb; 3890a5298a02;-78
telephoneb; 3890a5573842;-89
telephoneb; 3890a54cc222;-90
eduroamb; 3890a5573841;-90
uhab; 3890a54cc220;-91
eduroamb; 3890a54ca361;-93
eduroamb; 3890a54cc221;-94
uhab; 3890a549a1e0;-94
eduroamb; 3890a549a1e1;-94
telephoneb; 3890a549a1e2;-94
uhab; 3890a5499de0;-95
telephoneb; 3890a5503e62;-95
eduroamb; 3890a5503e61;-97
uhab; 3890a5298a00;-64
eduroamb; 3890a5298a01;-64
telephoneb; 3890a5298a02;-65
P.H. EST PARMI NOUSb; 6ec7ece83154;-71
uhab; 3890a5600b40;-81
eduroamb; 3890a5600b41;-81
telephoneb; 3890a5600b42;-81
eduroamb; 3890a5573841;-81
telephoneb; 3890a5573842;-82
uhab; 3890a5573840;-84
telephoneb; 3890a5503e62;-87
uhab; 3890a5503e60;-87
eduroamb; 3890a5503e61;-88
uhab; 3890a54cc220;-89
telephoneb; 3890a54ca362;-89
uhab; 3890a54ca360;-89
eduroamb; 3890a54ca361;-89
eduroamb; 3890a54cc221;-90
telephoneb; 3890a54cc222;-90
eduroamb; 3890a5505381;-90
telephoneb; 3890a5505382;-90
uhab; 3890a5505380;-91
uhab; 3890a5242280;-93
telephoneb; 3890a549a1e2;-94
telephoneb; 3890a5499de2;-96
uhab; 3890a5298a00;-63
eduroamb; 3890a5298a01;-64
telephoneb; 3890a5298a02;-64
uhab; 3890a5600b40;-70
telephoneb; 3890a5600b42;-70
eduroamb; 3890a5600b41;-72
P.H. EST PARMI NOUSb; 6ec7ece83154;-78
uhab; 3890a5503e60;-82
eduroamb; 3890a5503e61;-84
telephoneb; 3890a5503e62;-84
uhab; 3890a5573840;-89
telephoneb; 3890a5573842;-90
telephoneb; 3890a5505382;-91
eduroamb; 3890a5573841;-91
eduroamb; 3890a54cc221;-92
eduroamb; 3890a5242281;-93
uhab; 3890a54ca360;-93
eduroamb; 3890a54ca361;-93
telephoneb; 3890a54ca362;-93
uhab; 3890a5505380;-94
telephoneb; 3890a5242282;-94
eduroamb; 3890a5505381;-94
uhab; 3890a54cc220;-95
telephoneb; 3890a54cc222;-95
uhab; 3890a549a1e0;-95
uhab; 3890a5242280;-96
eduroamb; 3890a549a1e1;-96
eduroamb; 3890a5298a01;-66
uhab; 3890a5298a00;-69
P.H. EST PARMI NOUSb; 6ec7ece83154;-72
uhab; 3890a5600b40;-72
eduroamb; 3890a5600b41;-72
telephoneb; 3890a5600b42;-73
uhab; 3890a5503e60;-81
telephoneb; 3890a5503e62;-81
eduroamb; 3890a5503e61;-82
telephoneb; 3890a5573842;-86
eduroamb; 3890a5573841;-88
eduroamb; 3890a5242281;-88
telephoneb; 3890a5242282;-88
uhab; 3890a5242280;-89
telephoneb; 3890a5505382;-90
eduroamb; 3890a5505381;-91
uhab; 3890a5573840;-91
uhab; 3890a549a1e0;-92
uhab; 3890a5505380;-92
telephoneb; 3890a54cc222;-93
uhab; 3890a54cc220;-94
telephoneb; 3890a549a1e2;-95
eduroamb; 3890a54cc221;-95
eduroamb; 3890a549a1e1;-96
uhab; 3890a5600240;-96
uhab; 3890a5298a00;-69
eduroamb; 3890a5298a01;-69
telephoneb; 3890a5298a02;-69
P.H. EST PARMI NOUSb; 6ec7ece83154;-70
telephoneb; 3890a5600b42;-73
eduroamb; 3890a5600b41;-74
uhab; 3890a5600b40;-74
uhab; 3890a5573840;-88
eduroamb; 3890a5503e61;-88
telephoneb; 3890a5573842;-89
telephoneb; 3890a5503e62;-89
eduroamb; 3890a5242281;-89
eduroamb; 3890a5573841;-90
uhab; 3890a5242280;-90
uhab; 3890a5503e60;-90
telephoneb; 3890a5242282;-90
eduroamb; 3890a54ca361;-92
telephoneb; 3890a54ca362;-92
uhab; 3890a549a1e0;-92
uhab; 3890a54ca360;-93
telephoneb; 3890a54cc222;-94
eduroamb; 3890a54cc221;-96
uhab; 3890a54cc220;-96
eduroamb; 3890a5600241;-96
telephoneb; 3890a5600242;-97
P.H. EST PARMI NOUSb; 6ec7ece83154;-64
uhab; 3890a5298a00;-72
eduroamb; 3890a5298a01;-72
telephoneb; 3890a5298a02;-72
eduroamb; 3890a5600b41;-73
telephoneb; 3890a5600b42;-73
uhab; 3890a5600b40;-78
eduroamb; 3890a5503e61;-82
telephoneb; 3890a5503e62;-85
uhab; 3890a5503e60;-85
eduroamb; 3890a5573841;-88
telephoneb; 3890a54cc222;-89
telephoneb; 3890a5573842;-89
uhab; 3890a54cc220;-90
uhab; 3890a5573840;-90
eduroamb; 3890a5242281;-90
telephoneb; 3890a5242282;-91
uhab; 3890a5505380;-92
eduroamb; 3890a5505381;-92
uhab; 3890a5499de0;-92
uhab; 3890a54ca360;-93
eduroamb; 3890a54ca361;-93
telephoneb; 3890a54ca362;-93
telephoneb; 3890a5505382;-93
telephoneb; 3890a5600242;-94
uhab; 3890a5242280;-94
uhab; 3890a5600240;-94
uhab; 3890a549a1e0;-94
eduroamb; 3890a549a1e1;-94
eduroamb; 3890a54cc221;-94
eduroamb; 3890a5600241;-96
telephoneb; 3890a549a1e2;-96
P.H. EST PARMI NOUSb; 6ec7ece83154;-61
telephoneb; 3890a5298a02;-70
eduroamb; 3890a5298a01;-70
uhab; 3890a5298a00;-71
uhab; 3890a5600b40;-73
eduroamb; 3890a5600b41;-74
telephoneb; 3890a5600b42;-74
eduroamb; 3890a5503e61;-86
eduroamb; 3890a5573841;-88
telephoneb; 3890a5573842;-88
uhab; 3890a5573840;-89
uhab; 3890a5503e60;-89
eduroamb; 3890a5242281;-91
telephoneb; 3890a5503e62;-91
eduroamb; 3890a54ca361;-92
telephoneb; 3890a54ca362;-93
eduroamb; 3890a5505381;-93
uhab; 3890a5242280;-93
uhab; 3890a54ca360;-94
telephoneb; 3890a5505382;-94
uhab; 3890a5499de0;-94
eduroamb; 3890a54cc221;-94
telephoneb; 3890a54cc222;-95
uhab; 3890a5505380;-96
uhab; 3890a54cc220;-96
P.H. EST PARMI NOUSb; 6ec7ece83154;-65
eduroamb; 3890a5298a01;-70
telephoneb; 3890a5298a02;-70
uhab; 3890a5298a00;-71
uhab; 3890a5600b40;-72
eduroamb; 3890a5600b41;-72
telephoneb; 3890a5600b42;-72
uhab; 3890a5505380;-87
uhab; 3890a5503e60;-87
eduroamb; 3890a5505381;-88
eduroamb; 3890a5503e61;-88
telephoneb; 3890a5503e62;-88
eduroamb; 3890a5573841;-88
telephoneb; 3890a5505382;-89
telephoneb; 3890a5573842;-89
uhab; 3890a5573840;-90
eduroamb; 3890a5242281;-91
telephoneb; 3890a5242282;-91
uhab; 3890a5242280;-92
eduroamb; 3890a54cc221;-93
telephoneb; 3890a54cc222;-93
eduroamb; 3890a5600241;-94
telephoneb; 3890a549a1e2;-94
uhab; 3890a54cc220;-96
telephoneb; 3890a5600242;-96
eduroamb; 3890a549a1e1;-96
uhab; 3890a5600240;-97
uhab; 3890a549a1e0;-97
P.H. EST PARMI NOUSb; 6ec7ece83154;-62
eduroamb; 3890a5298a01;-66
uhab; 3890a5298a00;-67
telephoneb; 3890a5298a02;-67
uhab; 3890a5600b40;-72
eduroamb; 3890a5600b41;-73
telephoneb; 3890a5600b42;-73
uhab; 3890a5573840;-84
telephoneb; 3890a5573842;-84
eduroamb; 3890a5573841;-85
telephoneb; 3890a5503e62;-87
uhab; 3890a5505380;-88
uhab; 3890a5503e60;-88
eduroamb; 3890a5503e61;-88
eduroamb; 3890a5505381;-89
telephoneb; 3890a5505382;-90
telephoneb; 3890a5242282;-90
uhab; 3890a5242280;-91
eduroamb; 3890a5242281;-91
eduroamb; 3890a54cc221;-92
uhab; 3890a54ca360;-93
telephoneb; 3890a54cc222;-93
telephoneb; 3890a54ca362;-94
eduroamb; 3890a54ca361;-95
uhab; 3890a54cc220;-95
uhab; 3890a5600240;-95
telephoneb; 3890a549a1e2;-96
P.H. EST PARMI NOUSb; 6ec7ece83154;-59
telephoneb; 3890a5298a02;-65
uhab; 3890a5298a00;-65
eduroamb; 3890a5298a01;-65
uhab; 3890a5503e60;-80
eduroamb; 3890a5503e61;-80
telephoneb; 3890a5503e62;-80
eduroamb; 3890a5600b41;-85
telephoneb; 3890a5600b42;-85
uhab; 3890a5600b40;-86
uhab; 3890a5573840;-88
telephoneb; 3890a5573842;-89
eduroamb; 3890a5573841;-90
uhab; 3890a5505380;-92
telephoneb; 3890a5505382;-92
uhab; 3890a54ca360;-93
eduroamb; 3890a5505381;-93
eduroamb; 3890a54ca361;-94
telephoneb; 3890a54ca362;-94
P.H. EST PARMI NOUSb; 6ec7ece83154;-61
uhab; 3890a5298a00;-67
eduroamb; 3890a5298a01;-67
telephoneb; 3890a5298a02;-67
telephoneb; 3890a5503e62;-80
uhab; 3890a5503e60;-81
eduroamb; 3890a5503e61;-81
uhab; 3890a5600b40;-84
eduroamb; 3890a5600b41;-85
telephoneb; 3890a5600b42;-85
eduroamb; 3890a5505381;-90
telephoneb; 3890a5505382;-90
uhab; 3890a5505380;-91
eduroamb; 3890a5573841;-92
uhab; 3890a5573840;-93
eduroamb; 3890a54ca361;-94
telephoneb; 3890a54ca362;-95
uhab; 3890a54ca360;-95
telephoneb; 3890a5573842;-96
P.H. EST PARMI NOUSb; 6ec7ece83154;-58
uhab; 3890a5298a00;-70
eduroamb; 3890a5298a01;-70
telephoneb; 3890a5298a02;-72
uhab; 3890a5503e60;-82
eduroamb; 3890a5503e61;-82
telephoneb; 3890a5503e62;-82
eduroamb; 3890a5600b41;-86
uhab; 3890a5600b40;-87
telephoneb; 3890a5600b42;-88
uhab; 3890a5505380;-90
eduroamb; 3890a5573841;-90
telephoneb; 3890a5573842;-90
uhab; 3890a5573840;-91
eduroamb; 3890a5505381;-91
P.H. EST PARMI NOUSb; 6ec7ece83154;-58
uhab; 3890a5298a00;-63
eduroamb; 3890a5298a01;-63
telephoneb; 3890a5298a02;-63
telephoneb; 3890a5503e62;-77
eduroamb; 3890a5503e61;-78
uhab; 3890a5503e60;-80
uhab; 3890a5600b40;-87
telephoneb; 3890a5600b42;-87
eduroamb; 3890a5600b41;-89
eduroamb; 3890a5505381;-90
telephoneb; 3890a5573842;-93
uhab; 3890a5573840;-94
telephoneb; 3890a5298a02;-63
uhab; 3890a5298a00;-64
eduroamb; 3890a5298a01;-64
P.H. EST PARMI NOUSb; 6ec7ece83154;-66
telephoneb; 3890a5600b42;-86
uhab; 3890a5600b40;-86
eduroamb; 3890a5503e61;-87
telephoneb; 3890a5503e62;-87
eduroamb; 3890a5600b41;-87
uhab; 3890a5503e60;-88
uhab; 3890a5505380;-90
uhab; 3890a5298a00;-66
telephoneb; 3890a5298a02;-66
eduroamb; 3890a5298a01;-66
P.H. EST PARMI NOUSb; 6ec7ece83154;-73
eduroamb; 3890a5600b41;-77
uhab; 3890a5600b40;-78
telephoneb; 3890a5600b42;-79
telephoneb; 3890a5503e62;-82
eduroamb; 3890a5503e61;-82
uhab; 3890a5503e60;-83
telephoneb; 3890a5298a02;-64
eduroamb; 3890a5298a01;-64
uhab; 3890a5298a00;-65
P.H. EST PARMI NOUSb; 6ec7ece83154;-67
eduroamb; 3890a5600b41;-77
telephoneb; 3890a5600b42;-77
uhab; 3890a5600b40;-78
eduroamb; 3890a5503e61;-80
telephoneb; 3890a5503e62;-80
uhab; 3890a5503e60;-81
eduroamb; 3890a5573841;-93
uhab; 3890a5573840;-94
P.H. EST PARMI NOUSb; 6ec7ece83154;-52
telephoneb; 3890a5298a02;-66
uhab; 3890a5298a00;-66
eduroamb; 3890a5298a01;-66
telephoneb; 3890a5600b42;-77
eduroamb; 3890a5600b41;-77
uhab; 3890a5600b40;-77
uhab; 3890a5503e60;-79
eduroamb; 3890a5503e61;-79
telephoneb; 3890a5503e62;-80
eduroamb; 3890a5573841;-90
telephoneb; 3890a5573842;-90
P.H. EST PARMI NOUSb; 6ec7ece83154;-51
telephoneb; 3890a5298a02;-65
eduroamb; 3890a5298a01;-66
uhab; 3890a5298a00;-67
uhab; 3890a5600b40;-77
telephoneb; 3890a5600b42;-77
uhab; 3890a5503e60;-78
telephoneb; 3890a5503e62;-78
eduroamb; 3890a5600b41;-78
eduroamb; 3890a5503e61;-79
eduroamb; 3890a5573841;-87
uhab; 3890a5573840;-88
telephoneb; 3890a5573842;-88
eduroamb; 3890a54ca361;-93
telephoneb; 3890a54ca362;-93
uhab; 3890a54ca360;-95
telephoneb; 3890a549a1e2;-95
eduroamb; 3890a549a1e1;-97
P.H. EST PARMI NOUSb; 6ec7ece83154;-55
uhab; 3890a5298a00;-66
eduroamb; 3890a5298a01;-67
telephoneb; 3890a5298a02;-67
uhab; 3890a5503e60;-79
telephoneb; 3890a5503e62;-79
eduroamb; 3890a5503e61;-80
uhab; 3890a5600b40;-80
eduroamb; 3890a5600b41;-80
telephoneb; 3890a5600b42;-80
telephoneb; 3890a5573842;-84
eduroamb; 3890a5505381;-91
telephoneb; 3890a5505382;-91
uhab; 3890a5505380;-92
uhab; 3890a54ca360;-93
telephoneb; 3890a549a1e2;-96
uhab; 3890a549a1e0;-97
eduroamb; 3890a549a1e1;-97
P.H. EST PARMI NOUSb; 6ec7ece83154;-61
uhab; 3890a5298a00;-63
telephoneb; 3890a5298a02;-64
eduroamb; 3890a5298a01;-64
eduroamb; 3890a5503e61;-73
uhab; 3890a5503e60;-74
telephoneb; 3890a5503e62;-74
uhab; 3890a5600b40;-85
eduroamb; 3890a5600b41;-85
eduroamb; 3890a5573841;-85
telephoneb; 3890a5573842;-85
telephoneb; 3890a5600b42;-86
uhab; 3890a5505380;-90
uhab; 3890a5573840;-91
telephoneb; 3890a5505382;-91
eduroamb; 3890a5505381;-93
P.H. EST PARMI NOUSb; 6ec7ece83154;-55
eduroamb; 3890a5298a01;-62
telephoneb; 3890a5298a02;-62
uhab; 3890a5298a00;-63
uhab; 3890a5503e60;-79
eduroamb; 3890a5503e61;-80
telephoneb; 3890a5503e62;-80
uhab; 3890a5600b40;-81
eduroamb; 3890a5600b41;-81
telephoneb; 3890a5600b42;-81
uhab; 3890a5573840;-88
eduroamb; 3890a5573841;-89
eduroamb; 3890a5505381;-90
uhab; 3890a54cc220;-92
telephoneb; 3890a5573842;-93
uhab; 3890a5505380;-93
uhab; 3890a549a1e0;-93
telephoneb; 3890a54cc222;-95
P.H. EST PARMI NOUSb; 6ec7ece83154;-54
telephoneb; 3890a5298a02;-66
uhab; 3890a5298a00;-67
eduroamb; 3890a5298a01;-67
eduroamb; 3890a5600b41;-81
uhab; 3890a5600b40;-82
telephoneb; 3890a5600b42;-82
eduroamb; 3890a5503e61;-88
eduroamb; 3890a5573841;-88
uhab; 3890a5503e60;-89
telephoneb; 3890a5503e62;-90
uhab; 3890a5573840;-90
uhab; 3890a54cc220;-94
eduroamb; 3890a54cc221;-94
telephoneb; 3890a54cc222;-94
P.H. EST PARMI NOUSb; 6ec7ece83154;-54
telephoneb; 3890a5298a02;-66
eduroamb; 3890a5298a01;-66
uhab; 3890a5298a00;-67
uhab; 3890a5600b40;-86
telephoneb; 3890a5600b42;-86
eduroamb; 3890a5600b41;-87
telephoneb; 3890a5573842;-87
eduroamb; 3890a5503e61;-88
uhab; 3890a5503e60;-89
telephoneb; 3890a5503e62;-89
uhab; 3890a5573840;-89
uhab; 3890a5505380;-92
eduroamb; 3890a5505381;-92
telephoneb; 3890a5505382;-92
eduroamb; 3890a5573841;-93
telephoneb; 3890a54cc222;-94
eduroamb; 3890a54cc221;-94
uhab; 3890a54cc220;-96
uhab; 3890a5298a00;-54
eduroamb; 3890a5298a01;-54
telephoneb; 3890a5298a02;-54
P.H. EST PARMI NOUSb; 6ec7ece83154;-61
uhab; 3890a5600b40;-79
eduroamb; 3890a5600b41;-79
telephoneb; 3890a5600b42;-79
telephoneb; 3890a5505382;-85
uhab; 3890a5505380;-85
eduroamb; 3890a5505381;-85
eduroamb; 3890a5503e61;-88
uhab; 3890a5503e60;-88
telephoneb; 3890a5503e62;-90
uhab; 3890a54ca360;-92
telephoneb; 3890a54ca362;-93
eduroamb; 3890a54ca361;-94
uhab; 3890a549a1e0;-94
eduroamb; 3890a549a1e1;-95
telephoneb; 3890a549a1e2;-95
uhab; 3890a5298a00;-52
eduroamb; 3890a5298a01;-53
telephoneb; 3890a5298a02;-53
eduroamb; 3890a54ca361;-93
uhab; 3890a54ca360;-95
telephoneb; 3890a54ca362;-95
uhab; 3890a5298a00;-54
telephoneb; 3890a5298a02;-54
eduroamb; 3890a5298a01;-54
telephoneb; 3890a54ca362;-96
uhab; 3890a5298a00;-55
telephoneb; 3890a5298a02;-55
eduroamb; 3890a54ca361;-92
uhab; 3890a54ca360;-94
telephoneb; 3890a54ca362;-94
uhab; 3890a5298a00;-54
telephoneb; 3890a5298a02;-54
eduroamb; 3890a5298a01;-55
uhab; 3890a54ca360;-92
eduroamb; 3890a54ca361;-94
telephoneb; 3890a54ca362;-95
eduroamb; 3890a5298a01;-54
telephoneb; 3890a5298a02;-54
uhab; 3890a5298a00;-56
uhab; 3890a54ca360;-94
eduroamb; 3890a54ca361;-94
telephoneb; 3890a54ca362;-94
uhab; 3890a5298a00;-53
eduroamb; 3890a5298a01;-53
telephoneb; 3890a5298a02;-53
telephoneb; 3890a54ca362;-92
eduroamb; 3890a54ca361;-93
uhab; 3890a54ca360;-96
uhab; 3890a5298a00;-53
eduroamb; 3890a5298a01;-53
telephoneb; 3890a5298a02;-53
telephoneb; 3890a54ca362;-92
uhab; 3890a54ca360;-93
eduroamb; 3890a54ca361;-94
uhab; 3890a5298a00;-53
eduroamb; 3890a5298a01;-53
telephoneb; 3890a5298a02;-53
telephoneb; 3890a54ca362;-92
uhab; 3890a54ca360;-94
eduroamb; 3890a54ca361;-94
uhab; 3890a5298a00;-53
eduroamb; 3890a5298a01;-53
telephoneb; 3890a5298a02;-53
uhab; 3890a54ca360;-93
eduroamb; 3890a54ca361;-94
telephoneb; 3890a54ca362;-94
telephoneb; 3890a5298a02;-52
eduroamb; 3890a5298a01;-53
uhab; 3890a5298a00;-54
uhab; 3890a54ca360;-92
telephoneb; 3890a54ca362;-92
eduroamb; 3890a54ca361;-93
telephoneb; 3890a5298a02;-52
uhab; 3890a5298a00;-52
eduroamb; 3890a5298a01;-53
uhab; 3890a54ca360;-94
eduroamb; 3890a54ca361;-94
telephoneb; 3890a54ca362;-95
uhab; 3890a5298a00;-51
eduroamb; 3890a5298a01;-51
telephoneb; 3890a5298a02;-51
eduroamb; 3890a54ca361;-94
telephoneb; 3890a54ca362;-94
uhab; 3890a54ca360;-95
eduroamb; 3890a5298a01;-53
telephoneb; 3890a5298a02;-53
uhab; 3890a5298a00;-54
uhab; 3890a54ca360;-95
telephoneb; 3890a54ca362;-97
uhab; 3890a5298a00;-56
eduroamb; 3890a5298a01;-56
telephoneb; 3890a5298a02;-56
uhab; 3890a54ca360;-93
eduroamb; 3890a54ca361;-94
telephoneb; 3890a54ca362;-94
uhab; 3890a5298a00;-56
eduroamb; 3890a5298a01;-56
telephoneb; 3890a5298a02;-57
eduroamb; 3890a54ca361;-93
telephoneb; 3890a54ca362;-93
uhab; 3890a54ca360;-96
P.H. EST PARMI NOUSb; 6ec7ece83154;-46
eduroamb; 3890a5298a01;-52
telephoneb; 3890a5298a02;-52
uhab; 3890a5298a00;-53
uhab; 3890a5503e60;-72
eduroamb; 3890a5503e61;-72
telephoneb; 3890a5503e62;-73
eduroamb; 3890a5505381;-86
uhab; 3890a5505380;-87
telephoneb; 3890a5505382;-88
telephoneb; 3890a5600b42;-88
uhab; 3890a5600b40;-89
eduroamb; 3890a5600b41;-89
eduroamb; 3890a5573841;-93
P.H. EST PARMI NOUSb; 6ec7ece83154;-47
uhab; 3890a5298a00;-52
eduroamb; 3890a5298a01;-52
telephoneb; 3890a5298a02;-53
uhab; 3890a5503e60;-75
eduroamb; 3890a5503e61;-75
telephoneb; 3890a5503e62;-75
telephoneb; 3890a5505382;-91
uhab; 3890a5573840;-91
uhab; 3890a5505380;-92
eduroamb; 3890a5505381;-92
telephoneb; 3890a5573842;-92
uhab; 3890a5600b40;-92
telephoneb; 3890a5600b42;-93
eduroamb; 3890a5600b41;-94
telephoneb; 3890a5298a02;-52
eduroamb; 3890a5298a01;-53
uhab; 3890a5298a00;-53
P.H. EST PARMI NOUSb; 6ec7ece83154;-67
eduroamb; 3890a5503e61;-75
telephoneb; 3890a5503e62;-75
uhab; 3890a5503e60;-75
uhab; 3890a5505380;-89
telephoneb; 3890a5505382;-89
eduroamb; 3890a5505381;-90
uhab; 3890a5573840;-91
telephoneb; 3890a5573842;-92
eduroamb; 3890a5573841;-93
P.H. EST PARMI NOUSb; 6ec7ece83154;-43
uhab; 3890a5298a00;-52
eduroamb; 3890a5298a01;-53
telephoneb; 3890a5298a02;-53
eduroamb; 3890a5503e61;-74
telephoneb; 3890a5503e62;-74
uhab; 3890a5503e60;-75
eduroamb; 3890a5505381;-90
uhab; 3890a5573840;-91
telephoneb; 3890a5505382;-91
telephoneb; 3890a5573842;-92
uhab; 3890a5505380;-92
eduroamb; 3890a5573841;-92
eduroamb; 3890a5600b41;-93
uhab; 3890a5600b40;-95
telephoneb; 3890a5600b42;-95
P.H. EST PARMI NOUSb; 6ec7ece83154;-43
eduroamb; 3890a5298a01;-51
uhab; 3890a5298a00;-52
telephoneb; 3890a5298a02;-52
uhab; 3890a5503e60;-79
eduroamb; 3890a5503e61;-80
telephoneb; 3890a5503e62;-80
uhab; 3890a5573840;-89
eduroamb; 3890a5505381;-89
uhab; 3890a5505380;-90
telephoneb; 3890a5505382;-90
eduroamb; 3890a5573841;-91
telephoneb; 3890a5600b42;-91
telephoneb; 3890a5573842;-93
eduroamb; 3890a5600b41;-93
uhab; 3890a5600b40;-95
P.H. EST PARMI NOUSb; 6ec7ece83154;-43
uhab; 3890a5298a00;-52
eduroamb; 3890a5298a01;-52
telephoneb; 3890a5298a02;-52
eduroamb; 3890a5503e61;-72
uhab; 3890a5503e60;-73
telephoneb; 3890a5503e62;-73
uhab; 3890a5573840;-91
uhab; 3890a5600b40;-91
eduroamb; 3890a5573841;-93
telephoneb; 3890a5600b42;-93
uhab; 3890a54ca360;-94
eduroamb; 3890a5600b41;-94
telephoneb; 3890a54ca362;-95
P.H. EST PARMI NOUSb; 6ec7ece83154;-42
eduroamb; 3890a5298a01;-50
telephoneb; 3890a5298a02;-50
uhab; 3890a5298a00;-51
uhab; 3890a5503e60;-71
telephoneb; 3890a5503e62;-72
eduroamb; 3890a5503e61;-73
uhab; 3890a5600b40;-90
telephoneb; 3890a5600b42;-90
eduroamb; 3890a5600b41;-91
telephoneb; 3890a54ca362;-93
telephoneb; 3890a5505382;-94
uhab; 3890a5298a00;-42
eduroamb; 3890a5298a01;-42
telephoneb; 3890a5298a02;-42
P.H. EST PARMI NOUSb; 6ec7ece83154;-63
eduroamb; 3890a5505381;-76
telephoneb; 3890a5505382;-76
uhab; 3890a5505380;-77
eduroamb; 3890a5600b41;-87
uhab; 3890a5600b40;-87
telephoneb; 3890a5600b42;-88
telephoneb; 3890a5573842;-91
telephoneb; 3890a54ca362;-92
eduroamb; 3890a5573841;-92
uhab; 3890a54ca360;-93
uhab; 3890a5573840;-93
uhab; 3890a5503e60;-93
telephoneb; 3890a5503e62;-93
eduroamb; 3890a54ca361;-94
eduroamb; 3890a5503e61;-95
uhab; 3890a5298a00;-37
telephoneb; 3890a5298a02;-38
eduroamb; 3890a5298a01;-39
P.H. EST PARMI NOUSb; 6ec7ece83154;-55
telephoneb; 3890a5505382;-75
uhab; 3890a5505380;-77
eduroamb; 3890a5505381;-77
uhab; 3890a5573840;-92
uhab; 3890a5503e60;-92
telephoneb; 3890a5503e62;-92
uhab; 3890a54ca360;-93
eduroamb; 3890a54ca361;-93
telephoneb; 3890a54ca362;-93
eduroamb; 3890a5573841;-94
eduroamb; 3890a5503e61;-95
eduroamb; 3890a5298a01;-38
uhab; 3890a5298a00;-40
telephoneb; 3890a5298a02;-40
P.H. EST PARMI NOUSb; 6ec7ece83154;-57
eduroamb; 3890a5505381;-74
telephoneb; 3890a5505382;-75
uhab; 3890a5505380;-76
uhab; 3890a5600b40;-84
telephoneb; 3890a5600b42;-84
telephoneb; 3890a5573842;-91
uhab; 3890a5573840;-92
uhab; 3890a54ca360;-93
eduroamb; 3890a54ca361;-94
eduroamb; 3890a5573841;-94
telephoneb; 3890a54ca362;-95
uhab; 3890a5298a00;-38
eduroamb; 3890a5298a01;-38
telephoneb; 3890a5298a02;-39
uhab; 3890a5298a00;-37
eduroamb; 3890a5298a01;-38
telephoneb; 3890a5298a02;-39
uhab; 3890a54ca360;-94
eduroamb; 3890a54ca361;-94
telephoneb; 3890a54ca362;-94
eduroamb; 3890a5298a01;-37
telephoneb; 3890a5298a02;-37
uhab; 3890a5298a00;-39
uhab; 3890a54ca360;-93
telephoneb; 3890a54ca362;-93
eduroamb; 3890a54ca361;-95
telephoneb; 3890a5298a02;-37
uhab; 3890a5298a00;-39
eduroamb; 3890a5298a01;-39
uhab; 3890a54ca360;-93
eduroamb; 3890a54ca361;-95
telephoneb; 3890a54ca362;-96
uhab; 3890a5298a00;-38
eduroamb; 3890a5298a01;-38
telephoneb; 3890a5298a02;-39
uhab; 3890a54ca360;-94
eduroamb; 3890a54ca361;-94
telephoneb; 3890a54ca362;-94
uhab; 3890a5298a00;-38
telephoneb; 3890a5298a02;-39
eduroamb; 3890a5298a01;-40
eduroamb; 3890a54ca361;-92
uhab; 3890a54ca360;-94
telephoneb; 3890a54ca362;-94
uhab; 3890a5298a00;-38
eduroamb; 3890a5298a01;-39
telephoneb; 3890a5298a02;-39
uhab; 3890a54ca360;-93
telephoneb; 3890a54ca362;-94
eduroamb; 3890a54ca361;-95
telephoneb; 3890a5298a02;-37
eduroamb; 3890a5298a01;-38
uhab; 3890a5298a00;-40
uhab; 3890a54ca360;-92
eduroamb; 3890a54ca361;-93
telephoneb; 3890a54ca362;-95
telephoneb; 3890a5298a02;-37
uhab; 3890a5298a00;-38
eduroamb; 3890a5298a01;-39
uhab; 3890a54ca360;-94
eduroamb; 3890a54ca361;-94
telephoneb; 3890a54ca362;-94
eduroamb; 3890a5298a01;-46
uhab; 3890a5298a00;-47
telephoneb; 3890a5298a02;-47
P.H. EST PARMI NOUSb; 6ec7ece83154;-59
uhab; 3890a5505380;-80
telephoneb; 3890a5505382;-81
eduroamb; 3890a5505381;-82
uhab; 3890a5503e60;-88
eduroamb; 3890a5503e61;-88
telephoneb; 3890a5503e62;-89
telephoneb; 3890a5600b42;-89
uhab; 3890a5600b40;-89
eduroamb; 3890a5600b41;-89
uhab; 3890a5573840;-92
eduroamb; 3890a5298a01;-47
telephoneb; 3890a5298a02;-47
uhab; 3890a5298a00;-48
P.H. EST PARMI NOUSb; 6ec7ece83154;-65
telephoneb; 3890a5505382;-82
uhab; 3890a5505380;-83
eduroamb; 3890a5505381;-84
uhab; 3890a5503e60;-86
eduroamb; 3890a5503e61;-86
telephoneb; 3890a5503e62;-86
eduroamb; 3890a5600b41;-87
telephoneb; 3890a5600b42;-88
uhab; 3890a5600b40;-89
uhab; 3890a5573840;-91
eduroamb; 3890a5573841;-93
telephoneb; 3890a5573842;-93
uhab; 3890a5298a00;-47
P.H. EST PARMI NOUSb; 6ec7ece83154;-63
uhab; 3890a5505380;-72
eduroamb; 3890a5505381;-74
telephoneb; 3890a5505382;-75
eduroamb; 3890a5600b41;-81
uhab; 3890a5600b40;-84
telephoneb; 3890a5600b42;-84
eduroamb; 3890a5503e61;-85
telephoneb; 3890a5503e62;-85
uhab; 3890a5503e60;-86
eduroamb; 3890a5298a01;-48
uhab; 3890a5298a00;-49
telephoneb; 3890a5298a02;-49
P.H. EST PARMI NOUSb; 6ec7ece83154;-71
uhab; 3890a5505380;-84
telephoneb; 3890a5505382;-84
uhab; 3890a5600b40;-86
telephoneb; 3890a5600b42;-88
eduroamb; 3890a5503e61;-88
eduroamb; 3890a5600b41;-88
telephoneb; 3890a5503e62;-89
uhab; 3890a5503e60;-90
eduroamb; 3890a5298a01;-52
telephoneb; 3890a5298a02;-52
uhab; 3890a5298a00;-53
P.H. EST PARMI NOUSb; 6ec7ece83154;-73
uhab; 3890a5505380;-80
telephoneb; 3890a5505382;-80
eduroamb; 3890a5505381;-81
eduroamb; 3890a5503e61;-87
telephoneb; 3890a5503e62;-87
telephoneb; 3890a5600b42;-87
uhab; 3890a5503e60;-88
uhab; 3890a5600b40;-88
eduroamb; 3890a5600b41;-88
eduroamb; 3890a5573841;-94
uhab; 3890a5298a00;-50
eduroamb; 3890a5298a01;-50
telephoneb; 3890a5298a02;-50
P.H. EST PARMI NOUSb; 6ec7ece83154;-76
eduroamb; 3890a5505381;-80
uhab; 3890a5505380;-81
telephoneb; 3890a5505382;-81
uhab; 3890a5503e60;-87
eduroamb; 3890a5503e61;-87
telephoneb; 3890a5503e62;-87
uhab; 3890a5600b40;-88
eduroamb; 3890a5600b41;-89
telephoneb; 3890a5600b42;-89
uhab; 3890a5298a00;-49
eduroamb; 3890a5298a01;-49
telephoneb; 3890a5298a02;-49
P.H. EST PARMI NOUSb; 6ec7ece83154;-66
uhab; 3890a5505380;-78
eduroamb; 3890a5505381;-79
telephoneb; 3890a5505382;-79
uhab; 3890a5503e60;-88
uhab; 3890a5600b40;-88
eduroamb; 3890a5600b41;-88
telephoneb; 3890a5600b42;-88
eduroamb; 3890a5503e61;-89
telephoneb; 3890a5503e62;-89
uhab; 3890a5573840;-93
eduroamb; 3890a5573841;-93
telephoneb; 3890a5573842;-93
uhab; 3890a5298a00;-48
telephoneb; 3890a5298a02;-48
eduroamb; 3890a5298a01;-48
P.H. EST PARMI NOUSb; 6ec7ece83154;-68
uhab; 3890a5505380;-79
eduroamb; 3890a5505381;-79
telephoneb; 3890a5505382;-79
uhab; 3890a5503e60;-86
eduroamb; 3890a5503e61;-88
telephoneb; 3890a5503e62;-88
telephoneb; 3890a5600b42;-89
uhab; 3890a5600b40;-90
eduroamb; 3890a5600b41;-91
eduroamb; 3890a5573841;-92
uhab; 3890a5573840;-93
telephoneb; 3890a5573842;-93
uhab; 3890a5298a00;-52
eduroamb; 3890a5298a01;-52
telephoneb; 3890a5298a02;-52
P.H. EST PARMI NOUSb; 6ec7ece83154;-60
uhab; 3890a5505380;-76
eduroamb; 3890a5505381;-76
telephoneb; 3890a5505382;-76
uhab; 3890a5600b40;-89
telephoneb; 3890a5600b42;-89
eduroamb; 3890a5600b41;-90
uhab; 3890a5503e60;-93
eduroamb; 3890a5503e61;-94
telephoneb; 3890a5503e62;-94
uhab; 3890a5298a00;-54
telephoneb; 3890a5298a02;-54
eduroamb; 3890a5298a01;-55
P.H. EST PARMI NOUSb; 6ec7ece83154;-59
uhab; 3890a5505380;-72
eduroamb; 3890a5505381;-72
telephoneb; 3890a5505382;-72
telephoneb; 3890a5600b42;-85
uhab; 3890a5503e60;-90
uhab; 3890a5600b40;-91
eduroamb; 3890a5600b41;-92
eduroamb; 3890a5503e61;-92
telephoneb; 3890a5503e62;-92
uhab; 3890a5298a00;-52
eduroamb; 3890a5298a01;-52
telephoneb; 3890a5298a02;-52
uhab; 3890a5505380;-71
eduroamb; 3890a5505381;-71
telephoneb; 3890a5505382;-72
P.H. EST PARMI NOUSb; 6ec7ece83154;-75
uhab; 3890a5600b40;-87
telephoneb; 3890a5600b42;-88
uhab; 3890a5503e60;-90
eduroamb; 3890a5503e61;-91
telephoneb; 3890a5503e62;-91
eduroamb; 3890a5573841;-92
uhab; 3890a5573840;-94
telephoneb; 3890a5573842;-94
uhab; 3890a5298a00;-54
eduroamb; 3890a5298a01;-54
telephoneb; 3890a5298a02;-54
uhab; 3890a5298a00;-62
eduroamb; 3890a5298a01;-64
telephoneb; 3890a5298a02;-64
uhab; 3890a5298a00;-55
telephoneb; 3890a5298a02;-55
eduroamb; 3890a5298a01;-58
uhab; 3890a5298a00;-60
telephoneb; 3890a5298a02;-60
uhab; 3890a5298a00;-61
uhab; 3890a5298a00;-62
eduroamb; 3890a5298a01;-63
telephoneb; 3890a5298a02;-64
eduroamb; 3890a5298a01;-66
uhab; 3890a5298a00;-66
telephoneb; 3890a5298a02;-66
uhab; 3890a5298a00;-57
eduroamb; 3890a5298a01;-58
telephoneb; 3890a5298a02;-59
uhab; 3890a5298a00;-56
telephoneb; 3890a5298a02;-56
eduroamb; 3890a5298a01;-57
uhab; 3890a5298a00;-58
eduroamb; 3890a5298a01;-61
telephoneb; 3890a5298a02;-62
uhab; 3890a5298a00;-55
eduroamb; 3890a5298a01;-56
telephoneb; 3890a5298a02;-59
uhab; 3890a5298a00;-64
telephoneb; 3890a5298a02;-65
eduroamb; 3890a5298a01;-59
uhab; 3890a5298a00;-60
telephoneb; 3890a5298a02;-61
eduroamb; 3890a5298a01;-58
uhab; 3890a5298a00;-59
telephoneb; 3890a5298a02;-59
uhab; 3890a5298a00;-61
eduroamb; 3890a5298a01;-61
telephoneb; 3890a5298a02;-62
uhab; 3890a5298a00;-59
eduroamb; 3890a5298a01;-60
telephoneb; 3890a5298a02;-61
uhab; 3890a5298a00;-57
telephoneb; 3890a5298a02;-57
eduroamb; 3890a5298a01;-58
eduroamb; 3890a5298a01;-61
telephoneb; 3890a5298a02;-62
uhab; 3890a5298a00;-62
uhab; 3890a5298a00;-59
eduroamb; 3890a5298a01;-59
telephoneb; 3890a5298a02;-60
uhab; 3890a5298a00;-66
eduroamb; 3890a5298a01;-66
telephoneb; 3890a5298a02;-66
uhab; 3890a5298a00;-56
eduroamb; 3890a5298a01;-57
telephoneb; 3890a5298a02;-58
P.H. EST PARMI NOUSb; 6ec7ece83154;-49
telephoneb; 3890a5298a02;-53
uhab; 3890a5298a00;-54
eduroamb; 3890a5298a01;-54
eduroamb; 3890a5505381;-80
uhab; 3890a5505380;-80
telephoneb; 3890a5505382;-80
telephoneb; 3890a5600b42;-85
uhab; 3890a5600b40;-86
eduroamb; 3890a5600b41;-86
uhab; 3890a5503e60;-92
telephoneb; 3890a5503e62;-93
eduroamb; 3890a5503e61;-94
P.H. EST PARMI NOUSb; 6ec7ece83154;-49
uhab; 3890a5298a00;-52
eduroamb; 3890a5298a01;-52
telephoneb; 3890a5298a02;-52
uhab; 3890a5505380;-74
eduroamb; 3890a5505381;-74
telephoneb; 3890a5505382;-75
eduroamb; 3890a5600b41;-87
uhab; 3890a5600b40;-88
telephoneb; 3890a5600b42;-88
eduroamb; 3890a5503e61;-89
telephoneb; 3890a5503e62;-89
uhab; 3890a5503e60;-90
uhab; 3890a5298a00;-49
eduroamb; 3890a5298a01;-50
telephoneb; 3890a5298a02;-51
P.H. EST PARMI NOUSb; 6ec7ece83154;-52
telephoneb; 3890a5505382;-73
uhab; 3890a5505380;-74
eduroamb; 3890a5505381;-74
uhab; 3890a5600b40;-84
eduroamb; 3890a5600b41;-85
telephoneb; 3890a5600b42;-85
uhab; 3890a5503e60;-91
eduroamb; 3890a5503e61;-92
telephoneb; 3890a5503e62;-94
P.H. EST PARMI NOUSb; 6ec7ece83154;-48
telephoneb; 3890a5298a02;-52
uhab; 3890a5298a00;-53
eduroamb; 3890a5298a01;-54
uhab; 3890a5505380;-79
eduroamb; 3890a5505381;-79
telephoneb; 3890a5505382;-80
uhab; 3890a5600b40;-85
eduroamb; 3890a5600b41;-85
eduroamb; 3890a5503e61;-86
telephoneb; 3890a5600b42;-86
uhab; 3890a5503e60;-87
telephoneb; 3890a5503e62;-87
P.H. EST PARMI NOUSb; 6ec7ece83154;-48
uhab; 3890a5298a00;-52
eduroamb; 3890a5298a01;-52
telephoneb; 3890a5298a02;-52
uhab; 3890a5505380;-83
eduroamb; 3890a5505381;-83
telephoneb; 3890a5505382;-83
eduroamb; 3890a5600b41;-87
telephoneb; 3890a5600b42;-87
uhab; 3890a5600b40;-88
uhab; 3890a5503e60;-93
P.H. EST PARMI NOUSb; 6ec7ece83154;-50
eduroamb; 3890a5298a01;-55
uhab; 3890a5298a00;-56
telephoneb; 3890a5298a02;-56
uhab; 3890a5505380;-82
telephoneb; 3890a5505382;-82
eduroamb; 3890a5505381;-83
uhab; 3890a5600b40;-93
eduroamb; 3890a5600b41;-93
telephoneb; 3890a5600b42;-94
P.H. EST PARMI NOUSb; 6ec7ece83154;-45
uhab; 3890a5298a00;-60
telephoneb; 3890a5298a02;-60
eduroamb; 3890a5298a01;-61
uhab; 3890a5505380;-77
eduroamb; 3890a5505381;-78
telephoneb; 3890a5505382;-79
uhab; 3890a5600b40;-88
eduroamb; 3890a5600b41;-88
telephoneb; 3890a5600b42;-89
telephoneb; 3890a5503e62;-92
eduroamb; 3890a5503e61;-93
uhab; 3890a5503e60;-94
P.H. EST PARMI NOUSb; 6ec7ece83154;-44
uhab; 3890a5298a00;-57
eduroamb; 3890a5298a01;-57
telephoneb; 3890a5298a02;-57
telephoneb; 3890a5505382;-64
uhab; 3890a5505380;-68
eduroamb; 3890a5505381;-69
uhab; 3890a5600b40;-85
eduroamb; 3890a5600b41;-85
uhab; 3890a5573840;-90
eduroamb; 3890a5503e61;-90
telephoneb; 3890a5503e62;-90
uhab; 3890a5503e60;-91
telephoneb; 3890a5600b42;-91
eduroamb; 002a10c85f71;-92
telephoneb; 002a10c85f72;-92
uhab; 002a10c85f70;-93
eduroamb; 3890a5573841;-93
telephoneb; 3890a5573842;-93
P.H. EST PARMI NOUSb; 6ec7ece83154;-49
uhab; 3890a5298a00;-72
eduroamb; 3890a5298a01;-72
telephoneb; 3890a5298a02;-72
uhab; 3890a5505380;-74
eduroamb; 3890a5505381;-74
telephoneb; 3890a5505382;-74
uhab; 3890a5503e60;-91
eduroamb; 3890a5600b41;-92
uhab; 3890a5600b40;-93
telephoneb; 3890a5600b42;-94
uhab; 3890a5298a00;-59
eduroamb; 3890a5298a01;-59
telephoneb; 3890a5298a02;-60
uhab; 3890a5298a00;-60
eduroamb; 3890a5298a01;-60
telephoneb; 3890a5298a02;-60
uhab; 3890a5298a00;-62
eduroamb; 3890a5298a01;-63
telephoneb; 3890a5298a02;-64
telephoneb; 3890a5298a02;-66
uhab; 3890a5298a00;-67
eduroamb; 3890a5298a01;-67
uhab; 3890a5298a00;-69
telephoneb; 3890a5298a02;-71
eduroamb; 3890a5298a01;-72
telephoneb; 3890a5298a02;-62
uhab; 3890a5298a00;-63
eduroamb; 3890a5298a01;-63
telephoneb; 3890a5298a02;-67
eduroamb; 3890a5298a01;-68
uhab; 3890a5298a00;-69
telephoneb; 3890a5298a02;-64
eduroamb; 3890a5298a01;-64
uhab; 3890a5298a00;-65
telephoneb; 3890a5298a02;-65
uhab; 3890a5298a00;-66
eduroamb; 3890a5298a01;-66
uhab; 3890a5298a00;-70
eduroamb; 3890a5298a01;-71
telephoneb; 3890a5298a02;-72
eduroamb; 3890a5298a01;-65
telephoneb; 3890a5298a02;-66
uhab; 3890a5298a00;-68
uhab; 3890a5298a00;-67
telephoneb; 3890a5298a02;-67
eduroamb; 3890a5298a01;-68
uhab; 3890a5298a00;-62
telephoneb; 3890a5298a02;-62
eduroamb; 3890a5298a01;-63
telephoneb; 3890a5298a02;-62
uhab; 3890a5298a00;-63
eduroamb; 3890a5298a01;-63
uhab; 3890a5298a00;-64
eduroamb; 3890a5298a01;-64
telephoneb; 3890a5298a02;-64
telephoneb; 3890a5298a02;-66
eduroamb; 3890a5298a01;-67
uhab; 3890a5298a00;-67
uhab; 3890a5298a00;-68
eduroamb; 3890a5298a01;-69
telephoneb; 3890a5298a02;-69
telephoneb; 3890a5298a02;-68
uhab; 3890a5298a00;-69
eduroamb; 3890a5298a01;-69
telephoneb; 3890a5298a02;-67
uhab; 3890a5298a00;-69
eduroamb; 3890a5298a01;-69
uhab; 3890a5298a00;-68
eduroamb; 3890a5298a01;-69
telephoneb; 3890a5298a02;-69
uhab; 3890a5298a00;-72
eduroamb; 3890a5298a01;-72
telephoneb; 3890a5298a02;-72
eduroamb; 3890a5298a01;-69
telephoneb; 3890a5298a02;-69
uhab; 3890a5298a00;-71
uhab; 3890a5298a00;-65
telephoneb; 3890a5298a02;-65
eduroamb; 3890a5298a01;-66
uhab; 3890a5298a00;-62
eduroamb; 3890a5298a01;-62
uhab; 3890a5298a00;-62
telephoneb; 3890a5298a02;-62
eduroamb; 3890a5298a01;-64
uhab; 3890a5298a00;-65
telephoneb; 3890a5298a02;-66
telephoneb; 3890a5298a02;-65
uhab; 3890a5298a00;-65
eduroamb; 3890a5298a01;-65
telephoneb; 3890a5298a02;-65
uhab; 3890a5298a00;-65
eduroamb; 3890a5298a01;-65
eduroamb; 3890a5298a01;-66
telephoneb; 3890a5298a02;-66
uhab; 3890a5298a00;-66
uhab; 3890a5298a00;-70
telephoneb; 3890a5298a02;-70
eduroamb; 3890a5298a01;-70
uhab; 3890a5298a00;-66
eduroamb; 3890a5298a01;-67
telephoneb; 3890a5298a02;-67
telephoneb; 3890a5298a02;-60
uhab; 3890a5298a00;-60
eduroamb; 3890a5298a01;-60
P.H. EST PARMI NOUSb; 6ec7ece83154;-63
eduroamb; 3890a5505381;-82
uhab; 3890a5505380;-83
telephoneb; 3890a5505382;-83
uhab; 3890a5600b40;-91
P.H. EST PARMI NOUSb; 6ec7ece83154;-61
uhab; 3890a5298a00;-62
eduroamb; 3890a5298a01;-62
telephoneb; 3890a5298a02;-62
uhab; 3890a5505380;-82
telephoneb; 3890a5505382;-82
eduroamb; 3890a5505381;-83
eduroamb; 3890a5600b41;-89
telephoneb; 3890a5600b42;-89
uhab; 3890a5600b40;-90
P.H. EST PARMI NOUSb; 6ec7ece83154;-53
uhab; 3890a5298a00;-67
eduroamb; 3890a5298a01;-69
telephoneb; 3890a5298a02;-70
uhab; 3890a5505380;-71
telephoneb; 3890a5505382;-71
eduroamb; 3890a5505381;-72
uhab; 3890a5600b40;-90
eduroamb; 3890a5600b41;-90
telephoneb; 3890a5600b42;-90
uhab; 3890a5503e60;-94
telephoneb; 3890a5503e62;-94
eduroamb; 3890a5503e61;-97
P.H. EST PARMI NOUSb; 6ec7ece83154;-51
uhab; 3890a5298a00;-56
eduroamb; 3890a5298a01;-56
telephoneb; 3890a5298a02;-56
uhab; 3890a5505380;-73
eduroamb; 3890a5505381;-73
telephoneb; 3890a5505382;-73
uhab; 3890a5600b40;-86
telephoneb; 3890a5600b42;-87
eduroamb; 3890a5600b41;-88
telephoneb; 3890a5503e62;-92
uhab; 3890a5503e60;-92
eduroamb; 3890a5503e61;-94
P.H. EST PARMI NOUSb; 6ec7ece83154;-55
uhab; 3890a5298a00;-56
eduroamb; 3890a5298a01;-56
telephoneb; 3890a5298a02;-56
uhab; 3890a5505380;-71
eduroamb; 3890a5505381;-71
telephoneb; 3890a5505382;-71
uhab; 3890a5503e60;-87
telephoneb; 3890a5600b42;-88
uhab; 3890a5600b40;-89
eduroamb; 3890a5600b41;-89
P.H. EST PARMI NOUSb; 6ec7ece83154;-44
uhab; 3890a5298a00;-63
telephoneb; 3890a5298a02;-63
eduroamb; 3890a5298a01;-64
uhab; 3890a5505380;-73
telephoneb; 3890a5505382;-73
eduroamb; 3890a5505381;-74
telephoneb; 3890a5503e62;-87
uhab; 3890a5503e60;-88
eduroamb; 3890a5503e61;-88
telephoneb; 002a10c85f72;-92
eduroamb; 002a10c85f71;-93
eduroamb; 3890a5600b41;-93
uhab; 002a10c85f70;-94
uhab; 3890a5600b40;-94
P.H. EST PARMI NOUSb; 6ec7ece83154;-56
eduroamb; 3890a5298a01;-63
telephoneb; 3890a5298a02;-63
uhab; 3890a5298a00;-64
uhab; 3890a5505380;-71
eduroamb; 3890a5505381;-71
telephoneb; 3890a5505382;-71
eduroamb; 3890a5600b41;-88
uhab; 3890a5600b40;-89
telephoneb; 3890a5600b42;-89
uhab; 3890a5503e60;-90
telephoneb; 3890a5503e62;-91
eduroamb; 3890a5503e61;-92
uhab; 002a10c85f70;-93
P.H. EST PARMI NOUSb; 6ec7ece83154;-48
uhab; 3890a5298a00;-55
telephoneb; 3890a5298a02;-55
eduroamb; 3890a5298a01;-55
uhab; 3890a5505380;-72
eduroamb; 3890a5505381;-72
telephoneb; 3890a5505382;-72
uhab; 3890a5600b40;-90
telephoneb; 3890a5600b42;-90
eduroamb; 3890a5600b41;-91
telephoneb; 3890a5503e62;-94
uhab; 3890a5503e60;-96
eduroamb; 3890a5503e61;-96
P.H. EST PARMI NOUSb; 6ec7ece83154;-47
eduroamb; 3890a5298a01;-56
telephoneb; 3890a5298a02;-56
uhab; 3890a5298a00;-57
eduroamb; 3890a5505381;-72
telephoneb; 3890a5505382;-72
uhab; 3890a5505380;-73
telephoneb; 3890a5600b42;-90
eduroamb; 3890a5503e61;-90
telephoneb; 3890a5503e62;-90
uhab; 3890a5600b40;-91
eduroamb; 3890a5600b41;-91
uhab; 3890a5503e60;-92
P.H. EST PARMI NOUSb; 6ec7ece83154;-50
uhab; 3890a5298a00;-62
telephoneb; 3890a5298a02;-62
eduroamb; 3890a5298a01;-63
eduroamb; 3890a5505381;-78
telephoneb; 3890a5505382;-78
uhab; 3890a5505380;-79
eduroamb; 3890a5600b41;-86
telephoneb; 3890a5600b42;-86
uhab; 3890a5600b40;-87
uhab; 3890a5503e60;-94
telephoneb; 3890a5503e62;-96
eduroamb; 3890a5503e61;-99
P.H. EST PARMI NOUSb; 6ec7ece83154;-51
telephoneb; 3890a5298a02;-61
uhab; 3890a5298a00;-62
eduroamb; 3890a5298a01;-62
telephoneb; 3890a5505382;-77
uhab; 3890a5505380;-77
eduroamb; 3890a5505381;-77
uhab; 3890a5600b40;-88
eduroamb; 3890a5600b41;-89
telephoneb; 3890a5600b42;-89
uhab; 3890a5503e60;-93
eduroamb; 3890a5503e61;-93
telephoneb; 3890a5503e62;-93
eduroamb; 3890a54cc221;-95
P.H. EST PARMI NOUSb; 6ec7ece83154;-52
uhab; 3890a5298a00;-60
eduroamb; 3890a5298a01;-60
telephoneb; 3890a5298a02;-61
uhab; 3890a5505380;-83
telephoneb; 3890a5505382;-83
eduroamb; 3890a5505381;-83
telephoneb; 3890a5600b42;-92
eduroamb; 3890a5600b41;-94
uhab; 3890a5600b40;-95
P.H. EST PARMI NOUSb; 6ec7ece83154;-51
uhab; 3890a5298a00;-59
eduroamb; 3890a5298a01;-60
telephoneb; 3890a5298a02;-60
uhab; 3890a5505380;-72
telephoneb; 3890a5505382;-72
eduroamb; 3890a5505381;-72
uhab; 3890a5600b40;-89
eduroamb; 3890a5600b41;-90
telephoneb; 3890a5600b42;-90
telephoneb; 3890a5503e62;-93
uhab; 3890a5503e60;-94
eduroamb; 3890a5503e61;-96
P.H. EST PARMI NOUSb; 6ec7ece83154;-48
uhab; 3890a5298a00;-60
eduroamb; 3890a5298a01;-60
telephoneb; 3890a5298a02;-60
uhab; 3890a5505380;-75
eduroamb; 3890a5505381;-75
telephoneb; 3890a5505382;-77
uhab; 3890a5600b40;-90
telephoneb; 3890a5600b42;-91
eduroamb; 3890a5600b41;-91
uhab; 3890a5503e60;-91
eduroamb; 3890a5503e61;-92
telephoneb; 3890a5503e62;-92
P.H. EST PARMI NOUSb; 6ec7ece83154;-51
uhab; 3890a5298a00;-58
eduroamb; 3890a5298a01;-59
telephoneb; 3890a5298a02;-59
uhab; 3890a5505380;-79
eduroamb; 3890a5505381;-79
telephoneb; 3890a5505382;-79
telephoneb; 3890a5600b42;-89
eduroamb; 3890a5600b41;-90
uhab; 3890a5600b40;-91
eduroamb; 3890a5503e61;-92
telephoneb; 3890a5503e62;-92
uhab; 3890a5503e60;-93
P.H. EST PARMI NOUSb; 6ec7ece83154;-49
uhab; 3890a5298a00;-59
eduroamb; 3890a5298a01;-59
telephoneb; 3890a5298a02;-60
telephoneb; 3890a5505382;-78
uhab; 3890a5505380;-79
eduroamb; 3890a5505381;-79
eduroamb; 3890a5600b41;-90
eduroamb; 3890a5503e61;-91
uhab; 3890a5600b40;-91
telephoneb; 3890a5600b42;-91
uhab; 3890a5503e60;-92
telephoneb; 3890a5503e62;-92
P.H. EST PARMI NOUSb; 6ec7ece83154;-54
uhab; 3890a5298a00;-57
eduroamb; 3890a5298a01;-61
telephoneb; 3890a5298a02;-61
uhab; 3890a5505380;-73
telephoneb; 3890a5505382;-73
eduroamb; 3890a5505381;-74
eduroamb; 3890a5600b41;-90
uhab; 3890a5600b40;-91
telephoneb; 3890a5600b42;-92
uhab; 3890a5503e60;-93
telephoneb; 3890a5503e62;-94
eduroamb; 3890a5503e61;-95
P.H. EST PARMI NOUSb; 6ec7ece83154;-46
telephoneb; 3890a5298a02;-55
uhab; 3890a5298a00;-56
eduroamb; 3890a5298a01;-56
telephoneb; 3890a5505382;-74
eduroamb; 3890a5505381;-74
uhab; 3890a5505380;-75
uhab; 3890a5600b40;-88
eduroamb; 3890a5600b41;-88
telephoneb; 3890a5600b42;-88
uhab; 3890a5503e60;-91
eduroamb; 3890a5503e61;-91
telephoneb; 3890a5503e62;-92
eduroamb; 3890a54ca361;-93
P.H. EST PARMI NOUSb; 6ec7ece83154;-42
uhab; 3890a5298a00;-62
eduroamb; 3890a5298a01;-62
telephoneb; 3890a5298a02;-62
eduroamb; 3890a5505381;-77
uhab; 3890a5505380;-80
telephoneb; 3890a5505382;-80
uhab; 3890a5503e60;-88
telephoneb; 3890a5600b42;-88
uhab; 3890a5600b40;-89
eduroamb; 3890a5600b41;-90
telephoneb; 3890a5503e62;-90
eduroamb; 3890a5503e61;-91
uhab; 3890a54ca360;-94
telephoneb; 3890a54ca362;-95
uhab; 3890a5298a00;-58
telephoneb; 3890a5298a02;-58
eduroamb; 3890a5298a01;-59
P.H. EST PARMI NOUSb; 6ec7ece83154;-62
eduroamb; 3890a5505381;-82
uhab; 3890a5505380;-83
telephoneb; 3890a5505382;-84
eduroamb; 3890a5503e61;-87
telephoneb; 3890a5503e62;-87
uhab; 3890a5503e60;-88
eduroamb; 3890a5600b41;-88
uhab; 3890a5600b40;-90
telephoneb; 3890a5600b42;-90
P.H. EST PARMI NOUSb; 6ec7ece83154;-58
uhab; 3890a5298a00;-62
telephoneb; 3890a5298a02;-62
eduroamb; 3890a5298a01;-63
uhab; 3890a5505380;-76
eduroamb; 3890a5505381;-76
telephoneb; 3890a5505382;-76
eduroamb; 3890a5600b41;-88
uhab; 3890a5600b40;-90
eduroamb; 3890a5503e61;-90
telephoneb; 3890a5503e62;-91
uhab; 3890a5503e60;-91
telephoneb; 3890a5600b42;-93
P.H. EST PARMI NOUSb; 6ec7ece83154;-58
eduroamb; 3890a5298a01;-59
uhab; 3890a5298a00;-60
telephoneb; 3890a5298a02;-60
uhab; 3890a5505380;-81
eduroamb; 3890a5600b41;-82
uhab; 3890a5600b40;-83
telephoneb; 3890a5505382;-84
eduroamb; 3890a5505381;-85
uhab; 3890a5503e60;-91
eduroamb; 3890a5503e61;-91
telephoneb; 3890a5503e62;-91
uhab; 3890a54ca360;-96
P.H. EST PARMI NOUSb; 6ec7ece83154;-55
uhab; 3890a5298a00;-61
telephoneb; 3890a5298a02;-62
eduroamb; 3890a5298a01;-62
eduroamb; 3890a5505381;-81
uhab; 3890a5505380;-82
telephoneb; 3890a5505382;-82
uhab; 3890a5503e60;-89
telephoneb; 3890a5503e62;-89
eduroamb; 3890a5503e61;-90
uhab; 3890a5600b40;-90
eduroamb; 3890a5600b41;-90
telephoneb; 3890a5600b42;-91
uhab; 3890a54ca360;-94
eduroamb; 3890a54ca361;-94
P.H. EST PARMI NOUSb; 6ec7ece83154;-50
uhab; 3890a5298a00;-65
eduroamb; 3890a5298a01;-65
telephoneb; 3890a5298a02;-65
eduroamb; 3890a5505381;-83
telephoneb; 3890a5505382;-83
uhab; 3890a5505380;-86
uhab; 3890a5600b40;-87
eduroamb; 3890a5600b41;-87
telephoneb; 3890a5600b42;-87
uhab; 3890a5503e60;-89
eduroamb; 3890a5503e61;-90
telephoneb; 3890a5503e62;-90
P.H. EST PARMI NOUSb; 6ec7ece83154;-56
telephoneb; 3890a5298a02;-68
uhab; 3890a5298a00;-70
eduroamb; 3890a5298a01;-70
uhab; 3890a5505380;-79
eduroamb; 3890a5505381;-80
telephoneb; 3890a5505382;-81
eduroamb; 3890a5503e61;-87
telephoneb; 3890a5503e62;-88
uhab; 3890a5503e60;-89
uhab; 3890a54ca360;-93
telephoneb; 3890a54ca362;-93
telephoneb; 3890a5600b42;-95
eduroamb; 3890a54ca361;-96
eduroamb; 3890a5600b41;-96
uhab; 3890a5600b40;-99
;;
